{
    "id": "bazooka",
    "general": {
        "rate": 80,
        "gripType": "two_handed",
        "maxAmmo": 1,
        "recoilAngle": 10.0,
        "recoilDurationOffset": 0.25
    },
    "projectile": {
        "item": "cgm:missile",
        "visible": true,
        "auto": false,
        "damage": 25.0,
        "size": 0.2,
        "speed": 2,
        "life": 100,
        "damageReduceOverLife": false,
        "damageReduceIfNotZoomed": false
    },
    "sounds": {
        "fire": "cgm:bazooka_fire",
        "reload": "cgm:pistol_reload",
        "cock": "cgm:shotgun_fire"
    },
    "display": {
        "flash": {
            "yOffset": -3.8,
            "zOffset": -8.0
        }
    },
    "modules": {
        "zoom": {
            "fovModifier": 0.4,
            "smooth": true,
            "xOffset": -3.6,
            "yOffset": 4.2,
            "zOffset": 0
        }
    }
}