{
    "id": "chain_gun",
    "general": {
        "auto": true,
        "rate": 2,
        "gripType": "chain_gun",
        "maxAmmo": 100,
        "reloadSpeed": 4,
        "recoilAngle": 1.0,
        "alwaysSpread": true,
        "spread": 3.0
    },
    "projectile": {
        "item": "cgm:basic_ammo",
        "visible": false,
        "damage": 4.0,
        "size": 0.2,
        "speed": 10.0,
        "life": 10
    },
    "sounds": {
        "fire": "cgm:chain_gun_fire",
        "reload": "cgm:pistol_reload",
        "cock": "cgm:shotgun_fire"
    },
    "display": {
        "flash": {
            "yOffset": -6,
            "zOffset": -15
        }
    }
}