{
    "id": "handgun",
    "general": {
        "rate": 12,
        "gripType": "one_handed",
        "maxAmmo": 15,
        "recoilAngle": 15.0
    },
    "projectile": {
        "item": "cgm:basic_ammo",
        "visible": false,
        "damage": 10.0,
        "size": 0.2,
        "speed": 10.0,
        "life": 10,
        "damageReduceOverLife": true
    },
    "sounds": {
        "fire": "cgm:pistol_fire",
        "reload": "cgm:pistol_reload",
        "cock": "cgm:shotgun_fire",
        "silencedFire": "cgm:pistol_fire_silenced"
    },
    "display": {
        "flash": {
            "yOffset": -4.2,
            "zOffset": 0.5
        }
    },
    "modules": {
        "zoom": {
            "fovModifier": 0.7,
            "yOffset": 4.9,
            "zOffset": -1.0
        },
        "attachments": {
            "scope": {
                "yOffset": 4.48,
                "zOffset": 5
            },
            "barrel": {
                "yOffset": 3.8,
                "zOffset": 0.6,
                "scale": 0.4
            }
        }
    }
}