{
    "id": "rifle",
    "general": {
        "rate": 40,
        "gripType": "two_handed",
        "maxAmmo": 1,
        "recoilAngle": 5.0,
        "recoilKick": 1.0,
        "recoilDurationOffset": 0.25
    },
    "projectile": {
        "item": "cgm:advanced_ammo",
        "visible": false,
        "gravity": true,
        "damage": 20.0,
        "size": 0.0625,
        "speed": 15.0,
        "life": 10,
        "damageReduceIfNotZoomed": true
    },
    "sounds": {
        "fire": "cgm:rifle_fire",
        "reload": "cgm:pistol_reload",
        "cock": "cgm:shotgun_fire",
        "silencedFire": "cgm:rifle_fire_silenced"
    },
    "display": {
        "flash": {
            "yOffset": -3.8,
            "zOffset": -13
        }
    },
    "modules": {
        "zoom": {
            "fovModifier": 0.6,
            "yOffset": 5.1,
            "zOffset": -3.2
        },
        "attachments": {
            "scope": {
                "smooth": true,
                "yOffset": 4.5
            },
            "barrel": {
                "yOffset": 4.2,
                "zOffset": -13,
                "scale": 0.35
            }
        }
    }
}