{
    "__comment": "Model generated using MrCrayfish's Model Creator (https://mrcrayfish.com/tools?id=mc)",
    "textures": {
        "11": "minecraft:blocks/concrete_gray",
        "barrel": "minecraft:blocks/concrete_silver",
        "base": "minecraft:blocks/concrete_white"
    },
    "display": {
        "gui": {
            "rotation": [ 30, 225, 0 ],
            "translation": [ 1.5, 2.5, 0 ],
            "scale": [ 0.8, 0.8, 0.8 ]
        },
        "ground": {
            "rotation": [ 0, 0, 0 ],
            "translation": [ 0, 5, -4.5 ],
            "scale": [ 1, 1, 1 ]
        },
        "fixed": {
            "rotation": [ 0, 90, 0 ],
            "translation": [ -7, 10, 0 ],
            "scale": [ 2, 2, 2 ]
        },
        "firstperson_righthand": {
            "rotation": [ 0, 0, 0 ],
            "translation": [ -3.5, 8.5, 0 ],
            "scale": [ 0.8, 0.8, 0.8 ]
        },
        "thirdperson_righthand": {
            "rotation": [ 0, 0, 0 ],
            "translation": [ 0, 6, -7 ],
            "scale": [ 1.0, 1.0, 1.0 ]
        }
    },
    "elements": [
        {
            "from": [ 7.2, 2.3, 10.2 ], 
            "to": [ 8.8, 2.7, 16.1 ], 
            "faces": {
                "north": { "texture": "#base", "tintindex": 0, "uv": [ 1, 1, 2.6, 3 ] },
                "east": { "texture": "#base", "tintindex": 0, "uv": [ 1, 3, 3, 10 ], "rotation": 270 },
                "south": { "texture": "#base", "tintindex": 0, "uv": [ 1, 1, 3.6, 4 ] },
                "west": { "texture": "#base", "tintindex": 0, "uv": [ 1, 3, 3, 10 ], "rotation": 90 },
                "up": { "texture": "#base", "tintindex": 0, "uv": [ 1, 3, 2.6, 10 ], "rotation": 180 },
                "down": { "texture": "#base", "tintindex": 0, "uv": [ 1, 1, 6.6, 3 ], "rotation": 90 }
            }
        },
        {
            "from": [ 7.9, 4, 2 ], 
            "to": [ 8.1, 4.9, 2.4 ], 
            "faces": {
                "north": { "texture": "#11", "uv": [ 0, 0, 0.4, 0.4 ] },
                "east": { "texture": "#11", "uv": [ 0, 0, 0.4, 0.4 ] },
                "south": { "texture": "#11", "uv": [ 0, 0, 0.4, 0.4 ] },
                "west": { "texture": "#11", "uv": [ 0, 0, 0.4, 0.4 ] },
                "up": { "texture": "#11", "uv": [ 0, 0, 0.4, 0.4 ] }
            }
        },
        {
            "from": [ 7.4, -0.1, 13.7 ], 
            "to": [ 8.6, 2.8, 15 ], 
            "rotation": { "origin": [ 8.0, 4.500000007450581, 15.0 ], "axis": "x", "angle": -22.5 },
            "faces": {
                "north": { "texture": "#11", "uv": [ 0, 0, 1.2, 4.7 ] },
                "east": { "texture": "#11", "uv": [ 0, 0, 5, 16 ] },
                "south": { "texture": "#11", "uv": [ 0, 0, 5, 16 ] },
                "west": { "texture": "#11", "uv": [ 0, 0, 5, 16 ] },
                "down": { "texture": "#11", "uv": [ 0, 0, 5, 5 ] }
            }
        },
        {
            "from": [ 7.9, 1.3, 13.5 ], 
            "to": [ 8.1, 2.3, 13.7 ], 
            "faces": {
                "east": { "texture": "#barrel", "uv": [ 0, 0, 0.2, 1 ] },
                "south": { "texture": "#barrel", "uv": [ 0, 0, 0.2, 1 ] },
                "west": { "texture": "#barrel", "uv": [ 0, 0, 0.2, 1 ] }
            }
        },
        {
            "from": [ 7.9, 1.3, 13.5 ], 
            "to": [ 8.1, 1.5, 15.2 ], 
            "faces": {
                "east": { "texture": "#barrel", "uv": [ 0, 0, 1.7, 0.2 ] },
                "south": { "texture": "#barrel", "uv": [ 0, 0, 4.2, -4.8 ] },
                "west": { "texture": "#barrel", "uv": [ 0, 0, 1.7, 0.2 ] },
                "up": { "texture": "#barrel", "uv": [ 0, 0, 0.2, 1.7 ] },
                "down": { "texture": "#barrel", "uv": [ 0, 0, 0.2, 1.7 ] }
            }
        },
        {
            "from": [ 7.2, 1.3, 10.615 ], 
            "to": [ 8.8, 2.3, 13.505 ], 
            "faces": {
                "north": { "texture": "#base", "tintindex": 0, "uv": [ 0, 0, 5, 3 ] },
                "east": { "texture": "#base", "tintindex": 0, "uv": [ 0, 0, 9, 3 ] },
                "south": { "texture": "#base", "tintindex": 0, "uv": [ 0, 0, 5, 3 ] },
                "west": { "texture": "#base", "tintindex": 0, "uv": [ 0, 0, 9, 3 ] },
                "down": { "texture": "#base", "tintindex": 0, "uv": [ 0, 0, 5, 9 ], "rotation": 180 }
            }
        },
        {
            "from": [ 7.5, -2, 11 ], 
            "to": [ 8.5, 2, 13 ], 
            "faces": {
                "north": { "texture": "#11", "uv": [ 5, 0, 7, 8 ] },
                "east": { "texture": "#11", "uv": [ 0, 0, 4, 8 ] },
                "south": { "texture": "#11", "uv": [ 11, 0, 13, 8 ] },
                "west": { "texture": "#11", "uv": [ 0, 0, 4, 8 ] },
                "down": { "texture": "#11", "uv": [ 0, 0, 1, 2 ] }
            }
        },
        {
            "from": [ 7.7, 3.8, 1 ], 
            "to": [ 8.3, 4, 5 ], 
            "faces": {
                "north": { "texture": "#barrel", "uv": [ 0, 0, 0.6, 0.2 ] },
                "east": { "texture": "#barrel", "uv": [ 0, 0, 4, 0.2 ], "rotation": 180 },
                "west": { "texture": "#barrel", "uv": [ 0, 0, 4, 0.2 ] },
                "up": { "texture": "#barrel", "uv": [ 0, 0, 4, 1 ], "rotation": 90 },
                "down": { "texture": "#barrel", "uv": [ 0, 0, 4, 1 ], "rotation": 270 }
            }
        },
        {
            "from": [ 7.4, 2.9, 10 ], 
            "to": [ 8.6, 4.1, 10.5 ], 
            "faces": {
                "east": { "texture": "#barrel", "uv": [ 0, 0, 0.5, 1.2 ] },
                "south": { "texture": "#barrel", "uv": [ 0, 0, 1.2, 1.2 ] },
                "west": { "texture": "#barrel", "uv": [ 0, 0, 0.5, 1.2 ] },
                "up": { "texture": "#barrel", "uv": [ 0, 0, 1.2, 0.5 ] },
                "down": { "texture": "#barrel", "uv": [ 0, 0, 1.2, 0.5 ] }
            }
        },
        {
            "from": [ 7.4, 3.3, 16.5 ], 
            "to": [ 8.6, 4, 20.8 ], 
            "faces": {
                "east": { "texture": "#11", "uv": [ 0, 0, 14, 4 ] },
                "west": { "texture": "#11", "uv": [ 0, 0, 14, 4 ] },
                "up": { "texture": "#11", "uv": [ 0, 0, 14, 4 ], "rotation": 90 },
                "down": { "texture": "#11", "uv": [ 0, 0, 14, 4 ], "rotation": 90 }
            }
        },
        {
            "from": [ 7.7, 1, 19.7 ], 
            "to": [ 8.3, 3, 20.7 ], 
            "faces": {
                "north": { "texture": "#11", "uv": [ 0, 0, 4, 9 ] },
                "east": { "texture": "#11", "uv": [ 0, 0, 4, 9 ] },
                "south": { "texture": "#11", "uv": [ 0, 0, 4, 9 ] },
                "west": { "texture": "#11", "uv": [ 0, 0, 4, 9 ] },
                "down": { "texture": "#11", "uv": [ 0, 0, 4, 4 ] }
            }
        },
        {
            "from": [ 7.7, 0.6, 19.7 ], 
            "to": [ 8.3, 4.2, 20.7 ], 
            "rotation": { "origin": [ 8.0, 0.6000000089406967, 19.69999999552965 ], "axis": "x", "angle": -45.0 },
            "faces": {
                "north": { "texture": "#11", "uv": [ 0, 0, 4, 13 ] },
                "east": { "texture": "#11", "uv": [ 0, 0, 4, 13 ] },
                "south": { "texture": "#11", "uv": [ 0, 0, 4, 13 ] },
                "west": { "texture": "#11", "uv": [ 0, 0, 4, 13 ] }
            }
        },
        {
            "from": [ 7.9, 1.7, 14.2 ], 
            "to": [ 8.1, 2.3, 14.4 ], 
            "faces": {
                "north": { "texture": "#11", "uv": [ 0, 0, 0.2, 1 ] },
                "east": { "texture": "#11", "uv": [ 0, 0, 0.2, 1 ] },
                "south": { "texture": "#11", "uv": [ 0, 0, 0.2, 1 ] },
                "west": { "texture": "#11", "uv": [ 0, 0, 0.2, 1 ] },
                "down": { "texture": "#11", "uv": [ 0, 0, 0.2, 0.2 ] }
            }
        },
        {
            "from": [ 7.7, 3, 1 ], 
            "to": [ 8.3, 3.2, 5 ], 
            "faces": {
                "north": { "texture": "#barrel", "uv": [ 0, 0, 0.6, 0.2 ] },
                "east": { "texture": "#barrel", "uv": [ 0, 0, 4, 0.2 ], "rotation": 180 },
                "west": { "texture": "#barrel", "uv": [ 0, 0, 4, 0.2 ] },
                "up": { "texture": "#barrel", "uv": [ 0, 0, 4, 1 ], "rotation": 90 },
                "down": { "texture": "#barrel", "uv": [ 0, 0, 4, 1 ], "rotation": 270 }
            }
        },
        {
            "from": [ 7.5, 3.2, 1 ], 
            "to": [ 7.7, 3.8, 5 ], 
            "faces": {
                "north": { "texture": "#barrel", "uv": [ 0, 0, 0.2, 0.6 ] },
                "east": { "texture": "#barrel", "uv": [ 0, 0, 4, 0.6 ], "rotation": 180 },
                "west": { "texture": "#barrel", "uv": [ 0, 0, 4, 0.6 ] },
                "up": { "texture": "#barrel", "uv": [ 0, 0, 4, 1 ], "rotation": 90 },
                "down": { "texture": "#barrel", "uv": [ 0, 0, 4, 1 ], "rotation": 270 }
            }
        },
        {
            "from": [ 8.3, 3.2, 1 ], 
            "to": [ 8.5, 3.8, 5 ], 
            "faces": {
                "north": { "texture": "#barrel", "uv": [ 0, 0, 0.2, 0.6 ] },
                "east": { "texture": "#barrel", "uv": [ 0, 0, 4, 0.6 ], "rotation": 180 },
                "west": { "texture": "#barrel", "uv": [ 0, 0, 4, 0.6 ] },
                "up": { "texture": "#barrel", "uv": [ 0, 0, 4, 1 ], "rotation": 90 },
                "down": { "texture": "#barrel", "uv": [ 0, 0, 4, 1 ], "rotation": 270 }
            }
        },
        {
            "from": [ 7.4, 2.8, 4 ], 
            "to": [ 8.6, 4.2, 10 ], 
            "faces": {
                "north": { "texture": "#11", "uv": [ 0, 0, 1.2, 1.4 ] },
                "east": { "texture": "#11", "uv": [ 0, 0, 6, 1.4 ] },
                "south": { "texture": "#11", "uv": [ 0, 0, 1.2, 1.4 ] },
                "west": { "texture": "#11", "uv": [ 0, 0, 6, 1.4 ] },
                "up": { "texture": "#11", "uv": [ 0, 0, 1.2, 6 ], "rotation": 90 },
                "down": { "texture": "#11", "uv": [ 0, 0, 1.2, 6 ], "rotation": 90 }
            }
        },
        {
            "from": [ 7.2, 3, 4 ], 
            "to": [ 7.4, 4, 10 ], 
            "faces": {
                "north": { "texture": "#11", "uv": [ 0, 0, 0.2, 1 ] },
                "south": { "texture": "#11", "uv": [ 0, 0, 0.2, 1 ] },
                "west": { "texture": "#11", "uv": [ 0, 0, 6, 1 ] },
                "up": { "texture": "#11", "uv": [ 0, 0, 0.2, 6 ], "rotation": 90 },
                "down": { "texture": "#11", "uv": [ 0, 0, 0.2, 6 ], "rotation": 90 }
            }
        },
        {
            "from": [ 8.6, 3, 4 ], 
            "to": [ 8.8, 4, 10 ], 
            "faces": {
                "north": { "texture": "#11", "uv": [ 0, 0, 0.2, 1 ] },
                "east": { "texture": "#11", "uv": [ 0, 0, 6, 1 ] },
                "south": { "texture": "#11", "uv": [ 0, 0, 0.2, 1 ] },
                "up": { "texture": "#11", "uv": [ 0, 0, 0.2, 6 ], "rotation": 90 },
                "down": { "texture": "#11", "uv": [ 0, 0, 0.2, 6 ], "rotation": 90 }
            }
        },
        {
            "from": [ 7.1, 4, 4 ], 
            "to": [ 7.4, 4.565, 10 ], 
            "rotation": { "origin": [ 7.0000000000000036, 4.0, 4.0 ], "axis": "z", "angle": -45.0 },
            "faces": {
                "north": { "texture": "#11", "uv": [ 0, 0, 0.3, 0.565 ] },
                "east": { "texture": "#11", "uv": [ 0, 0, 6, 0.565 ] },
                "south": { "texture": "#11", "uv": [ 0, 0, 0.3, 0.565 ] },
                "west": { "texture": "#11", "uv": [ 0, 0, 6, 0.565 ] },
                "up": { "texture": "#11", "uv": [ 0, 0, 0.3, 6 ], "rotation": 90 },
                "down": { "texture": "#11", "uv": [ 0, 0, 0.3, 6 ], "rotation": 90 }
            }
        },
        {
            "from": [ 8.6, 4, 4 ], 
            "to": [ 8.9, 4.565, 10 ], 
            "rotation": { "origin": [ 9.000000000000004, 4.0, 4.0 ], "axis": "z", "angle": 45.0 },
            "faces": {
                "north": { "texture": "#11", "uv": [ 0, 0, 0.3, 0.565 ] },
                "east": { "texture": "#11", "uv": [ 0, 0, 6, 0.565 ] },
                "south": { "texture": "#11", "uv": [ 0, 0, 0.3, 0.565 ] },
                "west": { "texture": "#11", "uv": [ 0, 0, 6, 0.565 ] },
                "up": { "texture": "#11", "uv": [ 0, 0, 0.3, 6 ], "rotation": 90 },
                "down": { "texture": "#11", "uv": [ 0, 0, 0.3, 6 ], "rotation": 90 }
            }
        },
        {
            "from": [ 7.5, 3.8, 1 ], 
            "to": [ 7.7, 4.082, 5 ], 
            "rotation": { "origin": [ 7.500000000000002, 3.8, 1.0 ], "axis": "z", "angle": -45.0 },
            "faces": {
                "north": { "texture": "#barrel", "uv": [ 0, 0, 0.2, 0.282 ] },
                "east": { "texture": "#barrel", "uv": [ 0, 0, 4, 0.282 ], "rotation": 180 },
                "south": { "texture": "#barrel", "uv": [ 0, 0, 0.2, 0.282 ] },
                "west": { "texture": "#barrel", "uv": [ 0, 0, 4, 0.282 ] },
                "up": { "texture": "#barrel", "uv": [ 0, 0, 4, 1 ], "rotation": 90 },
                "down": { "texture": "#barrel", "uv": [ 0, 0, 4, 1 ], "rotation": 270 }
            }
        },
        {
            "from": [ 8.3, 3.8, 1 ], 
            "to": [ 8.5, 4.082, 5 ], 
            "rotation": { "origin": [ 8.500000000000002, 3.8, 1.0 ], "axis": "z", "angle": 45.0 },
            "faces": {
                "north": { "texture": "#barrel", "uv": [ 0, 0, 0.2, 0.282 ] },
                "east": { "texture": "#barrel", "uv": [ 0, 0, 4, 0.282 ], "rotation": 180 },
                "south": { "texture": "#barrel", "uv": [ 0, 0, 0.2, 0.282 ] },
                "west": { "texture": "#barrel", "uv": [ 0, 0, 4, 0.282 ] },
                "up": { "texture": "#barrel", "uv": [ 0, 0, 4, 1 ], "rotation": 90 },
                "down": { "texture": "#barrel", "uv": [ 0, 0, 4, 1 ], "rotation": 270 }
            }
        },
        {
            "from": [ 8.3, 2.918, 1 ], 
            "to": [ 8.5, 3.2, 5 ], 
            "rotation": { "origin": [ 8.500000000000002, 3.2, 1.0 ], "axis": "z", "angle": -45.0 },
            "faces": {
                "north": { "texture": "#barrel", "uv": [ 0, 0, 0.2, 0.282 ] },
                "east": { "texture": "#barrel", "uv": [ 0, 0, 4, 0.282 ], "rotation": 180 },
                "south": { "texture": "#barrel", "uv": [ 0, 0, 0.2, 0.282 ] },
                "west": { "texture": "#barrel", "uv": [ 0, 0, 4, 0.282 ] },
                "up": { "texture": "#barrel", "uv": [ 0, 0, 4, 1 ], "rotation": 90 },
                "down": { "texture": "#barrel", "uv": [ 0, 0, 4, 1 ], "rotation": 270 }
            }
        },
        {
            "from": [ 7.5, 2.918, 1 ], 
            "to": [ 7.7, 3.2, 5 ], 
            "rotation": { "origin": [ 7.500000000000002, 3.2, 1.0 ], "axis": "z", "angle": 45.0 },
            "faces": {
                "north": { "texture": "#barrel", "uv": [ 0, 0, 0.2, 0.282 ] },
                "east": { "texture": "#barrel", "uv": [ 0, 0, 4, 0.282 ], "rotation": 180 },
                "south": { "texture": "#barrel", "uv": [ 0, 0, 0.2, 0.282 ] },
                "west": { "texture": "#barrel", "uv": [ 0, 0, 4, 0.282 ] },
                "up": { "texture": "#barrel", "uv": [ 0, 0, 4, 1 ], "rotation": 90 },
                "down": { "texture": "#barrel", "uv": [ 0, 0, 4, 1 ], "rotation": 270 }
            }
        },
        {
            "from": [ 7.1, 2.435, 4 ], 
            "to": [ 7.4, 3, 10 ], 
            "rotation": { "origin": [ 7.0000000000000036, 3.0, 4.0 ], "axis": "z", "angle": 45.0 },
            "faces": {
                "north": { "texture": "#11", "uv": [ 0, 0, 0.3, 0.565 ] },
                "east": { "texture": "#11", "uv": [ 0, 0, 6, 0.565 ] },
                "south": { "texture": "#11", "uv": [ 0, 0, 0.3, 0.565 ] },
                "west": { "texture": "#11", "uv": [ 0, 0, 6, 0.565 ] },
                "up": { "texture": "#11", "uv": [ 0, 0, 0.3, 6 ], "rotation": 90 },
                "down": { "texture": "#11", "uv": [ 0, 0, 0.3, 6 ], "rotation": 90 }
            }
        },
        {
            "from": [ 8.6, 2.435, 4 ], 
            "to": [ 8.9, 3, 10 ], 
            "rotation": { "origin": [ 9.000000000000004, 3.0, 4.0 ], "axis": "z", "angle": -45.0 },
            "faces": {
                "north": { "texture": "#11", "uv": [ 0, 0, 0.3, 0.565 ] },
                "east": { "texture": "#11", "uv": [ 0, 0, 6, 0.565 ] },
                "south": { "texture": "#11", "uv": [ 0, 0, 0.3, 0.565 ] },
                "west": { "texture": "#11", "uv": [ 0, 0, 6, 0.565 ] },
                "up": { "texture": "#11", "uv": [ 0, 0, 0.3, 6 ], "rotation": 90 },
                "down": { "texture": "#11", "uv": [ 0, 0, 0.3, 6 ], "rotation": 90 }
            }
        },
        {
            "from": [ 7.6, 4, 10.2 ], 
            "to": [ 8.4, 4.4, 16.5 ], 
            "faces": {
                "north": { "texture": "#base", "tintindex": 0, "uv": [ 1, 1, 2.6, 3 ] },
                "south": { "texture": "#base", "tintindex": 0, "uv": [ 1, 1, 3.6, 4 ] },
                "up": { "texture": "#base", "tintindex": 0, "uv": [ 1, 3, 2.6, 10 ], "rotation": 180 },
                "down": { "texture": "#base", "tintindex": 0, "uv": [ 1, 1, 6.6, 3 ], "rotation": 90 }
            }
        },
        {
            "from": [ 7.2, 3.6, 10.2 ], 
            "to": [ 7.766, 4, 16.5 ], 
            "rotation": { "origin": [ 7.200000000000003, 3.9999999999999996, 10.500000000000002 ], "axis": "z", "angle": 45.0 },
            "faces": {
                "north": { "texture": "#base", "tintindex": 0, "uv": [ 1, 1, 2.6, 3 ] },
                "east": { "texture": "#base", "tintindex": 0, "uv": [ 1, 3, 3, 10 ], "rotation": 270 },
                "south": { "texture": "#base", "tintindex": 0, "uv": [ 1, 1, 3.6, 4 ] },
                "west": { "texture": "#base", "tintindex": 0, "uv": [ 1, 3, 3, 10 ], "rotation": 90 },
                "up": { "texture": "#base", "tintindex": 0, "uv": [ 1, 3, 2.6, 10 ], "rotation": 180 },
                "down": { "texture": "#base", "tintindex": 0, "uv": [ 1, 1, 6.6, 3 ], "rotation": 90 }
            }
        },
        {
            "from": [ 8.234, 3.6, 10.2 ], 
            "to": [ 8.8, 4, 16.5 ], 
            "rotation": { "origin": [ 8.800000000000004, 3.9999999999999996, 10.500000000000002 ], "axis": "z", "angle": -45.0 },
            "faces": {
                "north": { "texture": "#base", "tintindex": 0, "uv": [ 1, 1, 2.6, 3 ] },
                "east": { "texture": "#base", "tintindex": 0, "uv": [ 1, 3, 3, 10 ], "rotation": 270 },
                "south": { "texture": "#base", "tintindex": 0, "uv": [ 1, 1, 3.6, 4 ] },
                "west": { "texture": "#base", "tintindex": 0, "uv": [ 1, 3, 3, 10 ], "rotation": 90 },
                "up": { "texture": "#base", "tintindex": 0, "uv": [ 1, 3, 2.6, 10 ], "rotation": 180 },
                "down": { "texture": "#base", "tintindex": 0, "uv": [ 1, 1, 6.6, 3 ], "rotation": 90 }
            }
        },
        {
            "from": [ 7.7, 4, 16.5 ], 
            "to": [ 8.3, 4.3, 20.8 ], 
            "faces": {
                "east": { "texture": "#11", "uv": [ 0, 0, 14, 4 ] },
                "south": { "texture": "#11", "uv": [ 0, 0, 4, 4 ] },
                "west": { "texture": "#11", "uv": [ 0, 0, 14, 4 ] },
                "up": { "texture": "#11", "uv": [ 0, 0, 14, 4 ], "rotation": 90 }
            }
        },
        {
            "from": [ 7.275, 4, 16.5 ], 
            "to": [ 7.7, 4.3, 20.8 ], 
            "rotation": { "origin": [ 7.700000000000001, 4.3000000000000025, 18.0 ], "axis": "z", "angle": 45.0 },
            "faces": {
                "east": { "texture": "#11", "uv": [ 0, 0, 14, 4 ] },
                "south": { "texture": "#11", "uv": [ 0, 0, 4, 4 ] },
                "west": { "texture": "#11", "uv": [ 0, 0, 14, 4 ] },
                "up": { "texture": "#11", "uv": [ 0, 0, 14, 4 ], "rotation": 90 },
                "down": { "texture": "#11", "uv": [ 0, 0, 14, 4 ], "rotation": 90 }
            }
        },
        {
            "from": [ 8.3, 4, 16.5 ], 
            "to": [ 8.725, 4.3, 20.8 ], 
            "rotation": { "origin": [ 8.299999999999999, 4.3000000000000025, 18.0 ], "axis": "z", "angle": -45.0 },
            "faces": {
                "east": { "texture": "#11", "uv": [ 0, 0, 14, 4 ] },
                "south": { "texture": "#11", "uv": [ 0, 0, 4, 4 ] },
                "west": { "texture": "#11", "uv": [ 0, 0, 14, 4 ] },
                "up": { "texture": "#11", "uv": [ 0, 0, 14, 4 ], "rotation": 90 },
                "down": { "texture": "#11", "uv": [ 0, 0, 14, 4 ], "rotation": 90 }
            }
        },
        {
            "from": [ 7.4, 3.3, 16.5 ], 
            "to": [ 7.82, 3.6, 20.8 ], 
            "rotation": { "origin": [ 7.400000000000002, 3.3000000000000034, 18.0 ], "axis": "z", "angle": -45.0 },
            "faces": {
                "east": { "texture": "#11", "uv": [ 0, 0, 14, 4 ] },
                "south": { "texture": "#11", "uv": [ 0, 0, 4, 4 ] },
                "west": { "texture": "#11", "uv": [ 0, 0, 14, 4 ] },
                "up": { "texture": "#11", "uv": [ 0, 0, 14, 4 ], "rotation": 90 },
                "down": { "texture": "#11", "uv": [ 0, 0, 14, 4 ], "rotation": 90 }
            }
        },
        {
            "from": [ 7.7, 3, 16.5 ], 
            "to": [ 8.3, 3.3, 20.8 ], 
            "faces": {
                "east": { "texture": "#11", "uv": [ 0, 0, 14, 4 ] },
                "south": { "texture": "#11", "uv": [ 0, 0, 4, 4 ] },
                "west": { "texture": "#11", "uv": [ 0, 0, 14, 4 ] },
                "up": { "texture": "#11", "uv": [ 0, 0, 14, 4 ], "rotation": 90 },
                "down": { "texture": "#11", "uv": [ 0, 0, 14, 4 ], "rotation": 90 }
            }
        },
        {
            "from": [ 8.18, 3.3, 16.5 ], 
            "to": [ 8.6, 3.6, 20.8 ], 
            "rotation": { "origin": [ 8.600000000000001, 3.3000000000000034, 18.0 ], "axis": "z", "angle": 45.0 },
            "faces": {
                "east": { "texture": "#11", "uv": [ 0, 0, 14, 4 ] },
                "south": { "texture": "#11", "uv": [ 0, 0, 4, 4 ] },
                "west": { "texture": "#11", "uv": [ 0, 0, 14, 4 ] },
                "up": { "texture": "#11", "uv": [ 0, 0, 14, 4 ], "rotation": 90 },
                "down": { "texture": "#11", "uv": [ 0, 0, 14, 4 ], "rotation": 90 }
            }
        },
        {
            "from": [ 7.7, 0.6, 19.7 ], 
            "to": [ 8.3, 1.1, 20.3 ], 
            "faces": {
                "north": { "texture": "#11", "uv": [ 0, 0, 4, 9 ] },
                "east": { "texture": "#11", "uv": [ 0, 0, 4, 9 ] },
                "south": { "texture": "#11", "uv": [ 0, 0, 4, 9 ] },
                "west": { "texture": "#11", "uv": [ 0, 0, 4, 9 ] },
                "down": { "texture": "#11", "uv": [ 0, 0, 4, 4 ] }
            }
        },
        {
            "from": [ 7.7, 0.6, 19.8 ], 
            "to": [ 8.3, 1.17, 20.3 ], 
            "rotation": { "origin": [ 8.0, 0.6000000000000001, 20.300000000000004 ], "axis": "x", "angle": 45.0 },
            "faces": {
                "north": { "texture": "#11", "uv": [ 0, 0, 4, 9 ] },
                "east": { "texture": "#11", "uv": [ 0, 0, 4, 9 ] },
                "south": { "texture": "#11", "uv": [ 0, 0, 4, 9 ] },
                "west": { "texture": "#11", "uv": [ 0, 0, 4, 9 ] },
                "down": { "texture": "#11", "uv": [ 0, 0, 4, 4 ] }
            }
        },
        {
            "from": [ 7.2, 2.7, 10.2 ], 
            "to": [ 8.8, 4, 16.5 ], 
            "faces": {
                "north": { "texture": "#base", "tintindex": 0, "uv": [ 1, 1, 2.6, 3 ] },
                "east": { "texture": "#base", "tintindex": 0, "uv": [ 1, 3, 3, 10 ], "rotation": 270 },
                "south": { "texture": "#base", "tintindex": 0, "uv": [ 1, 1, 3.6, 4 ] },
                "west": { "texture": "#base", "tintindex": 0, "uv": [ 1, 3, 3, 10 ], "rotation": 90 },
                "up": { "texture": "#base", "tintindex": 0, "uv": [ 1, 3, 2.6, 10 ], "rotation": 180 },
                "down": { "texture": "#base", "tintindex": 0, "uv": [ 1, 1, 6.6, 3 ], "rotation": 90 }
            }
        },
        {
            "from": [ 7.2, 2.3, 16.1 ], 
            "to": [ 8.8, 2.7, 16.665 ], 
            "rotation": { "origin": [ 8.0, 2.3000000000000003, 16.1 ], "axis": "x", "angle": -45.0 },
            "faces": {
                "north": { "texture": "#base", "tintindex": 0, "uv": [ 1, 1, 2.6, 3 ] },
                "east": { "texture": "#base", "tintindex": 0, "uv": [ 1, 3, 3, 10 ], "rotation": 270 },
                "south": { "texture": "#base", "tintindex": 0, "uv": [ 1, 1, 3.6, 4 ] },
                "west": { "texture": "#base", "tintindex": 0, "uv": [ 1, 3, 3, 10 ], "rotation": 90 },
                "up": { "texture": "#base", "tintindex": 0, "uv": [ 1, 3, 2.6, 10 ], "rotation": 180 },
                "down": { "texture": "#base", "tintindex": 0, "uv": [ 1, 1, 6.6, 3 ], "rotation": 90 }
            }
        },
        {
            "from": [ 7.4, -0.5, 13.7 ], 
            "to": [ 8.6, -0.1, 15 ], 
            "rotation": { "origin": [ 8.0, 4.500000007450581, 15.0 ], "axis": "x", "angle": -22.5 },
            "faces": {
                "north": { "texture": "#base", "tintindex": 0, "uv": [ 0, 0, 1.2, 4.7 ] },
                "east": { "texture": "#base", "tintindex": 0, "uv": [ 0, 0, 5, 16 ] },
                "south": { "texture": "#base", "tintindex": 0, "uv": [ 0, 0, 5, 16 ] },
                "west": { "texture": "#base", "tintindex": 0, "uv": [ 0, 0, 5, 16 ] },
                "down": { "texture": "#base", "tintindex": 0, "uv": [ 0, 0, 5, 5 ] }
            }
        },
        {
            "from": [ 7.2, 1.22, 10.2 ], 
            "to": [ 8.8, 2.3, 10.6 ], 
            "rotation": { "origin": [ 8.0, 2.3000000000000003, 10.2 ], "axis": "x", "angle": -22.5 },
            "faces": {
                "north": { "texture": "#base", "tintindex": 0, "uv": [ 0, 0, 1.6, 1.08 ] },
                "east": { "texture": "#base", "tintindex": 0, "uv": [ 0, 0, 0.4, 1.08 ] },
                "south": { "texture": "#base", "tintindex": 0, "uv": [ 0, 0, 1.6, 1.08 ] },
                "west": { "texture": "#base", "tintindex": 0, "uv": [ 0, 0, 0.4, 1.08 ] },
                "up": { "texture": "#base", "tintindex": 0, "uv": [ 0, 0, 1.6, 0.4 ] },
                "down": { "texture": "#base", "tintindex": 0, "uv": [ 0, 0, 1.6, 0.4 ], "rotation": 180 }
            }
        },
        {
            "from": [ 7.4, 3.3, 20.8 ], 
            "to": [ 8.6, 4, 21 ], 
            "faces": {
                "east": { "texture": "#barrel", "uv": [ 0, 0, 14, 4 ] },
                "south": { "texture": "#barrel", "uv": [ 0, 0, 4, 4 ] },
                "west": { "texture": "#barrel", "uv": [ 0, 0, 14, 4 ] },
                "up": { "texture": "#barrel", "uv": [ 0, 0, 14, 4 ], "rotation": 90 },
                "down": { "texture": "#barrel", "uv": [ 0, 0, 14, 4 ], "rotation": 90 }
            }
        },
        {
            "from": [ 7.7, 4, 20.8 ], 
            "to": [ 8.3, 4.3, 21 ], 
            "faces": {
                "east": { "texture": "#barrel", "uv": [ 0, 0, 14, 4 ] },
                "south": { "texture": "#barrel", "uv": [ 0, 0, 4, 4 ] },
                "west": { "texture": "#barrel", "uv": [ 0, 0, 14, 4 ] },
                "up": { "texture": "#barrel", "uv": [ 0, 0, 14, 4 ], "rotation": 90 },
                "down": { "texture": "#barrel", "uv": [ 0, 0, 14, 4 ], "rotation": 90 }
            }
        },
        {
            "from": [ 7.7, 3, 20.8 ], 
            "to": [ 8.3, 3.3, 21 ], 
            "faces": {
                "east": { "texture": "#barrel", "uv": [ 0, 0, 14, 4 ] },
                "south": { "texture": "#barrel", "uv": [ 0, 0, 4, 4 ] },
                "west": { "texture": "#barrel", "uv": [ 0, 0, 14, 4 ] },
                "up": { "texture": "#barrel", "uv": [ 0, 0, 14, 4 ], "rotation": 90 },
                "down": { "texture": "#barrel", "uv": [ 0, 0, 14, 4 ], "rotation": 90 }
            }
        },
        {
            "from": [ 8.3, 4, 20.8 ], 
            "to": [ 8.725, 4.3, 21 ], 
            "rotation": { "origin": [ 8.299999999999999, 4.3000000000000025, 18.0 ], "axis": "z", "angle": -45.0 },
            "faces": {
                "east": { "texture": "#barrel", "uv": [ 0, 0, 14, 4 ] },
                "south": { "texture": "#barrel", "uv": [ 0, 0, 4, 4 ] },
                "west": { "texture": "#barrel", "uv": [ 0, 0, 14, 4 ] },
                "up": { "texture": "#barrel", "uv": [ 0, 0, 14, 4 ], "rotation": 90 },
                "down": { "texture": "#barrel", "uv": [ 0, 0, 14, 4 ], "rotation": 90 }
            }
        },
        {
            "from": [ 7.275, 4, 20.8 ], 
            "to": [ 7.7, 4.3, 21 ], 
            "rotation": { "origin": [ 7.700000000000001, 4.3000000000000025, 18.0 ], "axis": "z", "angle": 45.0 },
            "faces": {
                "east": { "texture": "#barrel", "uv": [ 0, 0, 14, 4 ] },
                "south": { "texture": "#barrel", "uv": [ 0, 0, 4, 4 ] },
                "west": { "texture": "#barrel", "uv": [ 0, 0, 14, 4 ] },
                "up": { "texture": "#barrel", "uv": [ 0, 0, 14, 4 ], "rotation": 90 },
                "down": { "texture": "#barrel", "uv": [ 0, 0, 14, 4 ], "rotation": 90 }
            }
        },
        {
            "from": [ 7.4, 3.3, 20.8 ], 
            "to": [ 7.82, 3.6, 21 ], 
            "rotation": { "origin": [ 7.400000000000002, 3.3000000000000034, 18.0 ], "axis": "z", "angle": -45.0 },
            "faces": {
                "east": { "texture": "#barrel", "uv": [ 0, 0, 14, 4 ] },
                "south": { "texture": "#barrel", "uv": [ 0, 0, 4, 4 ] },
                "west": { "texture": "#barrel", "uv": [ 0, 0, 14, 4 ] },
                "up": { "texture": "#barrel", "uv": [ 0, 0, 14, 4 ], "rotation": 90 },
                "down": { "texture": "#barrel", "uv": [ 0, 0, 14, 4 ], "rotation": 90 }
            }
        },
        {
            "from": [ 8.18, 3.3, 20.8 ], 
            "to": [ 8.6, 3.6, 21 ], 
            "rotation": { "origin": [ 8.600000000000001, 3.3000000000000034, 18.0 ], "axis": "z", "angle": 45.0 },
            "faces": {
                "east": { "texture": "#barrel", "uv": [ 0, 0, 14, 4 ] },
                "south": { "texture": "#barrel", "uv": [ 0, 0, 4, 4 ] },
                "west": { "texture": "#barrel", "uv": [ 0, 0, 14, 4 ] },
                "up": { "texture": "#barrel", "uv": [ 0, 0, 14, 4 ], "rotation": 90 },
                "down": { "texture": "#barrel", "uv": [ 0, 0, 14, 4 ], "rotation": 90 }
            }
        }
    ]
}