{
    "__comment": "Model generated using MrCrayfish's Model Creator (https://mrcrayfish.com/tools?id=mc)",
    "textures": {
        "0": "blocks/anvil_base",
        "1": "blocks/stone",
        "2": "blocks/iron_block"
    },
    "display": {
        "gui": {
            "rotation": [ 30, 225, 0 ],
            "translation": [ 0, 0, 0 ],
            "scale": [ 0.625, 0.625, 0.625 ]
        },
        "ground": {
            "rotation": [ 0, 0, 0 ],
            "translation": [ 0, 3, 0 ],
            "scale": [ 0.25, 0.25, 0.25 ]
        },
        "fixed": {
            "rotation": [ 0, 0, 0 ],
            "translation": [ 0, 0, 0 ],
            "scale": [ 0.5, 0.5, 0.5 ]
        },
        "thirdperson_righthand": {
            "rotation": [ 75, 45, 0 ],
            "translation": [ 0, 2.5, 0 ],
            "scale": [ 0.375, 0.375, 0.375 ]
        },
        "thirdperson_lefthand": {
            "rotation": [ 75, 255, 0 ],
            "translation": [ 0, 2.5, 0 ],
            "scale": [ 0.375, 0.375, 0.375 ]
        },
        "firstperson_righthand": {
            "rotation": [ 0, 45, 0 ],
            "translation": [ 0, 2.5, 0 ],
            "scale": [ 0.4, 0.4, 0.4 ]
        },
        "firstperson_lefthand": {
            "rotation": [ 0, 225, 0 ],
            "translation": [ 0, 2.5, 0 ],
            "scale": [ 0.4, 0.4, 0.4 ]
        }
    },
    "elements": [
        {
            "name": "base",
            "from": [ 5.00, 0.00, 5.00 ], 
            "to": [ 11.00, 1.00, 11.00 ], 
            "faces": {
                "north": { "texture": "#0", "uv": [ 0.00, 0.00, 6.00, 1.00 ] },
                "east": { "texture": "#0", "uv": [ 0.00, 0.00, 6.00, 1.00 ] },
                "south": { "texture": "#0", "uv": [ 0.00, 0.00, 6.00, 1.00 ] },
                "west": { "texture": "#0", "uv": [ 0.00, 0.00, 6.00, 1.00 ] },
                "up": { "texture": "#0", "uv": [ 0.00, 0.00, 6.00, 6.00 ] },
                "down": { "texture": "#0", "uv": [ 0.00, 0.00, 6.00, 6.00 ] }
            }
        },
        {
            "name": "indent",
            "from": [ 5.50, 1.00, 5.50 ], 
            "to": [ 10.50, 2.00, 10.50 ], 
            "faces": {
                "north": { "texture": "#1", "uv": [ 0.00, 0.00, 5.00, 1.00 ] },
                "east": { "texture": "#1", "uv": [ 0.00, 0.00, 5.00, 1.00 ] },
                "south": { "texture": "#1", "uv": [ 0.00, 0.00, 5.00, 1.00 ] },
                "west": { "texture": "#1", "uv": [ 0.00, 0.00, 5.00, 1.00 ] },
                "up": { "texture": "#1", "uv": [ 0.00, 0.00, 5.00, 5.00 ] },
                "down": { "texture": "#1", "uv": [ 0.00, 0.00, 5.00, 5.00 ] }
            }
        },
        {
            "name": "middle",
            "from": [ 5.00, 2.00, 5.00 ], 
            "to": [ 11.00, 12.00, 11.00 ], 
            "faces": {
                "north": { "texture": "#0", "uv": [ 0.00, 0.00, 6.00, 10.00 ] },
                "east": { "texture": "#0", "uv": [ 0.00, 0.00, 6.00, 10.00 ] },
                "south": { "texture": "#0", "uv": [ 0.00, 0.00, 6.00, 10.00 ] },
                "west": { "texture": "#0", "uv": [ 0.00, 0.00, 6.00, 10.00 ] },
                "up": { "texture": "#0", "uv": [ 0.00, 0.00, 6.00, 6.00 ] },
                "down": { "texture": "#0", "uv": [ 0.00, 0.00, 6.00, 6.00 ] }
            }
        },
        {
            "name": "top_1",
            "from": [ 5.30, 12.00, 5.30 ], 
            "to": [ 10.70, 13.00, 10.70 ], 
            "faces": {
                "north": { "texture": "#2", "uv": [ 1.00, 1.00, 6.40, 2.00 ] },
                "east": { "texture": "#2", "uv": [ 1.00, 1.00, 6.40, 2.00 ] },
                "south": { "texture": "#2", "uv": [ 1.00, 1.00, 6.40, 2.00 ] },
                "west": { "texture": "#2", "uv": [ 1.00, 1.00, 6.40, 2.00 ] },
                "up": { "texture": "#2", "uv": [ 1.00, 1.00, 3.40, 2.40 ] },
                "down": { "texture": "#2", "uv": [ 1.00, 1.00, 3.40, 1.40 ] }
            }
        },
        {
            "name": "top_2",
            "from": [ 5.80, 13.00, 5.80 ], 
            "to": [ 10.20, 14.00, 10.20 ], 
            "faces": {
                "north": { "texture": "#2", "uv": [ 1.00, 1.00, 5.40, 2.00 ] },
                "east": { "texture": "#2", "uv": [ 1.00, 1.00, 5.40, 2.00 ] },
                "south": { "texture": "#2", "uv": [ 1.00, 1.00, 5.40, 2.00 ] },
                "west": { "texture": "#2", "uv": [ 1.00, 1.00, 5.40, 2.00 ] },
                "up": { "texture": "#2", "uv": [ 1.00, 1.00, 3.40, 2.40 ] },
                "down": { "texture": "#2", "uv": [ 1.00, 1.00, 3.40, 3.40 ] }
            }
        },
        {
            "name": "top_3",
            "from": [ 6.30, 14.00, 6.30 ], 
            "to": [ 9.70, 14.60, 9.70 ], 
            "faces": {
                "north": { "texture": "#2", "uv": [ 1.00, 1.00, 4.40, 1.60 ] },
                "east": { "texture": "#2", "uv": [ 1.00, 1.00, 4.40, 1.60 ] },
                "south": { "texture": "#2", "uv": [ 1.00, 1.00, 4.40, 1.60 ] },
                "west": { "texture": "#2", "uv": [ 1.00, 1.00, 4.40, 1.60 ] },
                "up": { "texture": "#2", "uv": [ 1.00, 1.00, 3.40, 2.40 ] },
                "down": { "texture": "#2", "uv": [ 1.00, 1.00, 3.40, 2.40 ] }
            }
        }
    ]
}