{
    "__comment": "Model generated using MrCrayfish's Model Creator (https://mrcrayfish.com/tools?id=mc)",
    "textures": {
        "barrel": "minecraft:blocks/concrete_gray",
        "detail": "minecraft:blocks/concrete_silver",
        "base": "minecraft:blocks/concrete_white"
    },
    "display": {
        "gui": {
            "rotation": [ 30, 225, 0 ],
            "translation": [ -1, 3, 0 ],
            "scale": [ 0.75, 0.75, 0.75 ]
        },
        "ground": {
            "rotation": [ 0, 0, 0 ],
            "translation": [ 0, 5, 0 ],
            "scale": [ 1, 1, 1 ]
        },
        "fixed": {
            "rotation": [ 0, 90, 0 ],
            "translation": [ -0.5, 10, 0 ],
            "scale": [ 2, 2, 2 ]
        },
        "firstperson_righthand": {
            "rotation": [ 0, 0, 0 ],
            "translation": [ -3.5, 7.5, 3 ],
            "scale": [ 0.8, 0.8, 0.8 ]
        },
        "thirdperson_righthand": {
            "rotation": [ 75, 0, 0 ],
            "translation": [ 0, 10, 4 ],
            "scale": [ 1, 1, 1 ]
        }
    },
    "elements": [
        {
            "from": [ 6, -0, 9 ], 
            "to": [ 10, 3, 16 ], 
            "faces": {
                "north": { "texture": "#base", "uv": [ 1, 1, 5, 4 ], "tintindex": 0 },
                "east": { "texture": "#base", "uv": [ 1, 1, 8, 4 ], "tintindex": 0 },
                "south": { "texture": "#base", "uv": [ 1, 1, 5, 4 ], "tintindex": 0 },
                "west": { "texture": "#base", "uv": [ 1, 1, 8, 4 ], "tintindex": 0 },
                "up": { "texture": "#base", "uv": [ 1, 1, 5, 8 ], "tintindex": 0 },
                "down": { "texture": "#base", "uv": [ 1, 1, 5, 8 ], "tintindex": 0 }
            }
        },
        {
            "from": [ 10, -0.5, 10 ], 
            "to": [ 11, 1.5, 15 ], 
            "faces": {
                "north": { "texture": "#detail", "uv": [ 0, 0, 1, 2 ] },
                "east": { "texture": "#detail", "uv": [ 0, 0, 5, 2 ] },
                "south": { "texture": "#detail", "uv": [ 0, 0, 1, 2 ] },
                "up": { "texture": "#detail", "uv": [ 0, 0, 1, 5 ] },
                "down": { "texture": "#detail", "uv": [ 0, 0, 1, 5 ] }
            }
        },
        {
            "from": [ 7.5, 0, 16 ], 
            "to": [ 8.5, 1, 19.5 ], 
            "faces": {
                "east": { "texture": "#detail", "uv": [ 1, 0, 2, 1 ] },
                "south": { "texture": "#detail", "uv": [ 0, 0, 1.4, 1 ] },
                "west": { "texture": "#detail", "uv": [ 0, 0, 1, 1 ] },
                "up": { "texture": "#detail", "uv": [ 0, 0, 1.4, 3.5 ] },
                "down": { "texture": "#detail", "uv": [ 0, 0, 1.4, 3.5 ] }
            }
        },
        {
            "from": [ 7.5, 3, 16 ], 
            "to": [ 8.5, 4, 18.86 ], 
            "rotation": { "origin": [ 8, 4, 16 ], "axis": "x", "angle": 22.5 },
            "faces": {
                "north": { "texture": "#detail", "uv": [ 0, 0, 1.4, 1 ] },
                "east": { "texture": "#detail", "uv": [ 1, 0, 2, 1 ] },
                "south": { "texture": "#detail", "uv": [ 0, 0, 1.4, 1 ] },
                "west": { "texture": "#detail", "uv": [ 0, 0, 0, 0 ] },
                "up": { "texture": "#detail", "uv": [ 0, 0, 1.4, 3.8 ] },
                "down": { "texture": "#detail", "uv": [ 0, 0, 1.4, 3.8 ] }
            }
        },
        {
            "from": [ 7.5, 1, 18.5 ], 
            "to": [ 8.5, 2.05, 19.5 ], 
            "faces": {
                "north": { "texture": "#detail", "uv": [ 0, 0, 1, 1 ] },
                "east": { "texture": "#detail", "uv": [ 1, 0, 2, 1 ] },
                "south": { "texture": "#detail", "uv": [ 0, 0, 1.4, 1.5 ] },
                "west": { "texture": "#detail", "uv": [ 0, 0, 1, 1 ] }
            }
        },
        {
            "from": [ 5.5, 3.2, 10 ], 
            "to": [ 6.5, 5.2, 11 ], 
            "rotation": { "origin": [ 6, 4, 11 ], "axis": "z", "angle": 45.0 },
            "faces": {
                "north": { "texture": "#detail", "uv": [ 0, 0, 1, 2 ] },
                "east": { "texture": "#detail", "uv": [ 0, 0, 1, 2 ] },
                "south": { "texture": "#detail", "uv": [ 0, 0, 1, 2 ] },
                "west": { "texture": "#detail", "uv": [ 0, 0, 1, 2 ] },
                "up": { "texture": "#detail", "uv": [ 0, 0, 1, 1 ] }
            }
        },
        {
            "from": [ 9.5, 3.2, 10 ], 
            "to": [ 10.5, 5.2, 11 ], 
            "rotation": { "origin": [ 10, 4, 11 ], "axis": "z", "angle": -45.0 },
            "faces": {
                "north": { "texture": "#detail", "uv": [ 0, 0, 1, 2 ] },
                "east": { "texture": "#detail", "uv": [ 0, 0, 1, 2 ] },
                "south": { "texture": "#detail", "uv": [ 0, 0, 1, 2 ] },
                "west": { "texture": "#detail", "uv": [ 0, 0, 1, 2 ] },
                "up": { "texture": "#detail", "uv": [ 0, 0, 1, 1 ] }
            }
        },
        {
            "from": [ 5.5, 4.2, 9.5 ], 
            "to": [ 6.5, 5.2, 10 ], 
            "rotation": { "origin": [ 6, 4, 11 ], "axis": "z", "angle": 45.0 },
            "faces": {
                "east": { "texture": "#detail", "uv": [ 0, 0, 0.5, 1 ] },
                "west": { "texture": "#detail", "uv": [ 0, 0, 0.5, 1 ] },
                "up": { "texture": "#detail", "uv": [ 0, 0, 1, 0.5 ] },
                "down": { "texture": "#detail", "uv": [ 0, 0, 1, 0.5 ] }
            }
        },
        {
            "from": [ 9.5, 4.2, 9.5 ], 
            "to": [ 10.5, 5.2, 10 ], 
            "rotation": { "origin": [ 10, 4, 11 ], "axis": "z", "angle": -45.0 },
            "faces": {
                "east": { "texture": "#detail", "uv": [ 0, 0, 0.5, 1 ] },
                "west": { "texture": "#detail", "uv": [ 0, 0, 0.5, 1 ] },
                "up": { "texture": "#detail", "uv": [ 0, 0, 1, 0.5 ] },
                "down": { "texture": "#detail", "uv": [ 0, 0, 1, 0.5 ] }
            }
        },
        {
            "from": [ 5.7, 4.4, 8.3 ], 
            "to": [ 10.3, 5.4, 9.5 ], 
            "faces": {
                "north": { "texture": "#detail", "uv": [ 0, 0, 6.8, 1 ] },
                "east": { "texture": "#detail", "uv": [ 0, 0, 1.2, 1 ] },
                "south": { "texture": "#detail", "uv": [ 0, 0, 6.8, 1 ] },
                "west": { "texture": "#detail", "uv": [ 0, 0, 1.2, 1 ] },
                "up": { "texture": "#detail", "uv": [ 0, 0, 6.8, 1.2 ] },
                "down": { "texture": "#detail", "uv": [ 0, 0, 6.8, 1.2 ] }
            }
        },
        {
            "from": [ 5.5, 5, 8.5 ], 
            "to": [ 6.3, 6.2, 9.3 ], 
            "faces": {
                "north": { "texture": "#barrel", "uv": [ 0, 0, 0.8, 2 ] },
                "east": { "texture": "#barrel", "uv": [ 0, 0, 0.8, 2 ] },
                "south": { "texture": "#barrel", "uv": [ 0, 0, 0.8, 2 ] },
                "west": { "texture": "#barrel", "uv": [ 0, 0, 0.8, 2 ] },
                "up": { "texture": "#barrel", "uv": [ 0, 0, 0.8, 0.8 ] },
                "down": { "texture": "#barrel", "uv": [ 0, 0, 0.8, 0.8 ] }
            }
        },
        {
            "from": [ 9.7, 5, 8.5 ], 
            "to": [ 10.5, 6.2, 9.3 ], 
            "faces": {
                "north": { "texture": "#barrel", "uv": [ 0, 0, 0.8, 2 ] },
                "east": { "texture": "#barrel", "uv": [ 0, 0, 0.8, 2 ] },
                "south": { "texture": "#barrel", "uv": [ 0, 0, 0.8, 2 ] },
                "west": { "texture": "#barrel", "uv": [ 0, 0, 0.8, 2 ] },
                "up": { "texture": "#barrel", "uv": [ 0, 0, 0.8, 0.8 ] },
                "down": { "texture": "#barrel", "uv": [ 0, 0, 0.8, 0.8 ] }
            }
        },
        {
            "from": [ 6.3, 6.2, 8.5 ], 
            "to": [ 9.7, 7, 9.3 ], 
            "faces": {
                "north": { "texture": "#barrel", "uv": [ 0, 0, 3.4, 0.8 ] },
                "east": { "texture": "#barrel", "uv": [ 0, 0, 0.8, 0.8 ] },
                "south": { "texture": "#barrel", "uv": [ 6.6, 0, 10, 0.8 ] },
                "west": { "texture": "#barrel", "uv": [ 0, 0, 0.8, 0.8 ] },
                "up": { "texture": "#barrel", "uv": [ 0, 0, 3.4, 0.8 ] },
                "down": { "texture": "#barrel", "uv": [ 0, 0, 3.4, 0.8 ] }
            }
        },
        {
            "from": [ 6.5, 2.3, -7 ], 
            "to": [ 7.5, 3.3, 9 ], 
            "rotation": { "origin": [ 7, 3, 9 ], "axis": "z", "angle": 45.0 },
            "faces": {
                "north": { "texture": "#barrel", "uv": [ 0, 0, 1, 1 ] },
                "east": { "texture": "#barrel", "uv": [ 0, 0, 16, 1 ] },
                "south": { "texture": "#barrel", "uv": [ 0, 0, 1, 1 ] },
                "west": { "texture": "#barrel", "uv": [ 0, 0, 16, 1 ] },
                "up": { "texture": "#barrel", "uv": [ 0, 0, 1, 16 ] },
                "down": { "texture": "#barrel", "uv": [ 0, 0, 1, 16 ] }
            }
        },
        {
            "from": [ 8.5, 2.3, -7 ], 
            "to": [ 9.5, 3.3, 9 ], 
            "rotation": { "origin": [ 9, 3, 9 ], "axis": "z", "angle": -45.0 },
            "faces": {
                "north": { "texture": "#barrel", "uv": [ 0, 0, 1, 1 ] },
                "east": { "texture": "#barrel", "uv": [ 0, 0, 16, 1 ] },
                "south": { "texture": "#barrel", "uv": [ 0, 0, 1, 1 ] },
                "west": { "texture": "#barrel", "uv": [ 0, 0, 16, 1 ] },
                "up": { "texture": "#barrel", "uv": [ 0, 0, 1, 16 ] },
                "down": { "texture": "#barrel", "uv": [ 0, 0, 1, 16 ] }
            }
        },
        {
            "from": [ 8.3, 0.5, -7 ], 
            "to": [ 9.3, 1.5, 9 ], 
            "rotation": { "origin": [ 9, 1, 9 ], "axis": "z", "angle": -45.0 },
            "faces": {
                "north": { "texture": "#barrel", "uv": [ 0, 0, 1, 1 ] },
                "east": { "texture": "#barrel", "uv": [ 0, 0, 16, 1 ] },
                "south": { "texture": "#barrel", "uv": [ 0, 0, 1, 1 ] },
                "west": { "texture": "#barrel", "uv": [ 0, 0, 16, 1 ] },
                "up": { "texture": "#barrel", "uv": [ 0, 0, 1, 16 ] },
                "down": { "texture": "#barrel", "uv": [ 0, 0, 1, 16 ] }
            }
        },
        {
            "from": [ 6.7, 0.5, -7 ], 
            "to": [ 7.7, 1.5, 9 ], 
            "rotation": { "origin": [ 7, 1, 9 ], "axis": "z", "angle": 45.0 },
            "faces": {
                "north": { "texture": "#barrel", "uv": [ 0, 0, 1, 1 ] },
                "east": { "texture": "#barrel", "uv": [ 0, 0, 16, 1 ] },
                "south": { "texture": "#barrel", "uv": [ 0, 0, 1, 1 ] },
                "west": { "texture": "#barrel", "uv": [ 0, 0, 16, 1 ] },
                "up": { "texture": "#barrel", "uv": [ 0, 0, 1, 16 ] },
                "down": { "texture": "#barrel", "uv": [ 0, 0, 1, 16 ] }
            }
        },
        {
            "from": [ 6.9, 0.2, -6 ], 
            "to": [ 9.1, 3.8, -5.6 ], 
            "faces": {
                "north": { "texture": "#detail", "uv": [ 1, 1, 4.6, 4.6 ] },
                "east": { "texture": "#detail", "uv": [ 0, 0, 0.4, 3.6 ] },
                "south": { "texture": "#detail", "uv": [ 0, 0, 3.6, 3.6 ] },
                "west": { "texture": "#detail", "uv": [ 0, 0, 0.4, 3.6 ] },
                "up": { "texture": "#detail", "uv": [ 0, 0, 3.6, 0.4 ] },
                "down": { "texture": "#detail", "uv": [ 0, 0, 3.6, 0.4 ] }
            }
        },
        {
            "from": [ 7, 3, 9 ], 
            "to": [ 9, 4, 16 ], 
            "faces": {
                "north": { "texture": "#base", "uv": [ 1, 1, 3, 2 ], "tintindex": 0 },
                "east": { "texture": "#base", "uv": [ 1, 1, 8, 2 ], "tintindex": 0 },
                "south": { "texture": "#base", "uv": [ 1, 1, 3, 2 ], "tintindex": 0 },
                "west": { "texture": "#base", "uv": [ 1, 1, 8, 2 ], "tintindex": 0 },
                "up": { "texture": "#base", "uv": [ 1, 1, 3, 8 ], "tintindex": 0 }
            }
        },
        {
            "from": [ 5.59, 3, 9 ], 
            "to": [ 7, 4, 16 ], 
            "rotation": { "origin": [ 7, 4, 8 ], "axis": "z", "angle": 45.0 },
            "faces": {
                "north": { "texture": "#base", "uv": [ 1, 1, 2.41, 2 ], "tintindex": 0 },
                "south": { "texture": "#base", "uv": [ 1, 1, 2.41, 2 ], "tintindex": 0 },
                "west": { "texture": "#base", "uv": [ 1, 1, 8, 2 ], "tintindex": 0 },
                "up": { "texture": "#base", "uv": [ 1, 1, 2.41, 8 ], "tintindex": 0 }
            }
        },
        {
            "from": [ 9, 3, 9 ], 
            "to": [ 10.41, 4, 16 ], 
            "rotation": { "origin": [ 9, 4, 8 ], "axis": "z", "angle": -45.0 },
            "faces": {
                "north": { "texture": "#base", "uv": [ 1, 1, 2.41, 2 ], "tintindex": 0 },
                "east": { "texture": "#base", "uv": [ 1, 1, 8, 2 ], "tintindex": 0 },
                "south": { "texture": "#base", "uv": [ 1, 1, 2.41, 2 ], "tintindex": 0 },
                "up": { "texture": "#base", "uv": [ 1, 1, 2.41, 8 ], "tintindex": 0 }
            }
        },
        {
            "from": [ 7.5, 2.05, 18.5 ], 
            "to": [ 8.5, 3.26, 19.5 ], 
            "rotation": { "origin": [ 10, 2.05, 19.5 ], "axis": "x", "angle": -45.0 },
            "faces": {
                "north": { "texture": "#detail", "uv": [ 0, 0, 1, 1 ] },
                "east": { "texture": "#detail", "uv": [ 1, 0, 2, 1 ] },
                "south": { "texture": "#detail", "uv": [ 0, 0, 1.4, 1.5 ] },
                "west": { "texture": "#detail", "uv": [ 0, 0, 1, 1 ] },
                "up": { "texture": "#detail", "uv": [ 0, 0, 1.4, 1 ] },
                "down": { "texture": "#detail", "uv": [ 0, 0, 1.4, 1 ] }
            }
        },
        {
            "from": [ 5.5, 4.2, 8.3 ], 
            "to": [ 6.78, 5.2, 9.5 ], 
            "rotation": { "origin": [ 6, 4, 11 ], "axis": "z", "angle": 45.0 },
            "faces": {
                "north": { "texture": "#detail", "uv": [ 0, 0, 1.28, 1 ] },
                "east": { "texture": "#detail", "uv": [ 0, 0, 1.2, 1 ] },
                "south": { "texture": "#detail", "uv": [ 0, 0, 1.28, 1 ] },
                "west": { "texture": "#detail", "uv": [ 0, 0, 1.2, 1 ] },
                "up": { "texture": "#detail", "uv": [ 0, 0, 1.28, 1.2 ] },
                "down": { "texture": "#detail", "uv": [ 0, 0, 1.28, 1.2 ] }
            }
        },
        {
            "from": [ 9.22, 4.2, 8.3 ], 
            "to": [ 10.5, 5.2, 9.5 ], 
            "rotation": { "origin": [ 10, 4, 11 ], "axis": "z", "angle": -45.0 },
            "faces": {
                "north": { "texture": "#detail", "uv": [ 0, 0, 1.28, 1 ] },
                "east": { "texture": "#detail", "uv": [ 0, 0, 1.2, 1 ] },
                "south": { "texture": "#detail", "uv": [ 0, 0, 1.28, 1 ] },
                "west": { "texture": "#detail", "uv": [ 0, 0, 1.2, 1 ] },
                "up": { "texture": "#detail", "uv": [ 0, 0, 1.28, 1.2 ] },
                "down": { "texture": "#detail", "uv": [ 0, 0, 1.28, 1.2 ] }
            }
        },
        {
            "from": [ 5.5, 5.4, 8.5 ], 
            "to": [ 6.63, 6.2, 9.3 ], 
            "rotation": { "origin": [ 5.5, 6.2, 9 ], "axis": "z", "angle": 45.0 },
            "faces": {
                "north": { "texture": "#barrel", "uv": [ 0, 0, 1.13, 0.8 ] },
                "east": { "texture": "#barrel", "uv": [ 0, 0, 0.8, 0.8 ] },
                "south": { "texture": "#barrel", "uv": [ 0, 0, 1.13, 0.8 ] },
                "west": { "texture": "#barrel", "uv": [ 0, 0, 0.8, 0.8 ] },
                "up": { "texture": "#barrel", "uv": [ 0, 0, 1.13, 0.8 ] },
                "down": { "texture": "#barrel", "uv": [ 0, 0, 1.13, 0.8 ] }
            }
        },
        {
            "from": [ 9.37, 5.4, 8.5 ], 
            "to": [ 10.5, 6.2, 9.3 ], 
            "rotation": { "origin": [ 10.5, 6.2, 9 ], "axis": "z", "angle": -45.0 },
            "faces": {
                "north": { "texture": "#barrel", "uv": [ 0, 0, 1.13, 0.8 ] },
                "east": { "texture": "#barrel", "uv": [ 0, 0, 0.8, 0.8 ] },
                "south": { "texture": "#barrel", "uv": [ 0, 0, 1.13, 0.8 ] },
                "west": { "texture": "#barrel", "uv": [ 0, 0, 0.8, 0.8 ] },
                "up": { "texture": "#barrel", "uv": [ 0, 0, 1.13, 0.8 ] },
                "down": { "texture": "#barrel", "uv": [ 0, 0, 1.13, 0.8 ] }
            }
        },
        {
            "from": [ 11, -0, 10 ], 
            "to": [ 11.5, 1, 15 ], 
            "faces": {
                "north": { "texture": "#detail", "uv": [ 0, 0, 0.5, 1 ] },
                "east": { "texture": "#detail", "uv": [ 0, 0, 5, 1 ] },
                "south": { "texture": "#detail", "uv": [ 0, 0, 0.5, 1 ] }
            }
        },
        {
            "from": [ 11, 1, 10 ], 
            "to": [ 11.5, 1.7, 15 ], 
            "rotation": { "origin": [ 11.5, 1, 10 ], "axis": "z", "angle": 45.0 },
            "faces": {
                "north": { "texture": "#detail", "uv": [ 0, 0, 0.5, 0.7 ] },
                "east": { "texture": "#detail", "uv": [ 0, 0, 5, 0.7 ] },
                "south": { "texture": "#detail", "uv": [ 0, 0, 0.5, 0.7 ] },
                "up": { "texture": "#detail", "uv": [ 0, 0, 0.5, 5 ] }
            }
        },
        {
            "from": [ 11, -0.7, 10 ], 
            "to": [ 11.5, 0, 15 ], 
            "rotation": { "origin": [ 11.5, 0, 10 ], "axis": "z", "angle": -45.0 },
            "faces": {
                "north": { "texture": "#detail", "uv": [ 0, 0, 0.5, 0.7 ] },
                "east": { "texture": "#detail", "uv": [ 0, 0, 5, 0.7 ] },
                "south": { "texture": "#detail", "uv": [ 0, 0, 0.5, 0.7 ] },
                "up": { "texture": "#detail", "uv": [ 0, 0, 0.5, 5 ] },
                "down": { "texture": "#detail", "uv": [ 0, 0, 0.5, 5 ] }
            }
        },
        {
            "from": [ 10, -0.5, 10 ], 
            "to": [ 10.5, 0.2, 15 ], 
            "rotation": { "origin": [ 10, -0.5, 10 ], "axis": "z", "angle": 45.0 },
            "faces": {
                "north": { "texture": "#detail", "uv": [ 0, 0, 0.5, 0.7 ] },
                "south": { "texture": "#detail", "uv": [ 0, 0, 0.5, 0.7 ] },
                "west": { "texture": "#detail", "uv": [ 0, 0, 5, 0.7 ] }
            }
        },
        {
            "from": [ 5.95, 2, 9.1 ], 
            "to": [ 10.05, 2.5, 15.9 ], 
            "faces": {
                "north": { "texture": "#barrel", "uv": [ 0, 0, 4.1, 0.5 ] },
                "east": { "texture": "#barrel", "uv": [ 0, 0, 6.8, 0.5 ] },
                "south": { "texture": "#barrel", "uv": [ 0, 0, 4.1, 0.5 ] },
                "west": { "texture": "#barrel", "uv": [ 0, 0, 6.8, 0.5 ] },
                "up": { "texture": "#barrel", "uv": [ 0, 0, 4.1, 6.8 ] },
                "down": { "texture": "#barrel", "uv": [ 0, 0, 4.1, 6.8 ] }
            }
        },
        {
            "from": [ 6.2, 0.9, -6 ], 
            "to": [ 9.8, 3.1, -5.6 ], 
            "faces": {
                "north": { "texture": "#detail", "uv": [ 1, 1, 4.6, 4.6 ] },
                "east": { "texture": "#detail", "uv": [ 0, 0, 0.4, 3.6 ] },
                "south": { "texture": "#detail", "uv": [ 0, 0, 3.6, 3.6 ] },
                "west": { "texture": "#detail", "uv": [ 0, 0, 0.4, 3.6 ] },
                "up": { "texture": "#detail", "uv": [ 0, 0, 3.6, 0.4 ] },
                "down": { "texture": "#detail", "uv": [ 0, 0, 3.6, 0.4 ] }
            }
        },
        {
            "from": [ 6.2, 3.1, -6 ], 
            "to": [ 10.3, 4.09, -5.6 ], 
            "rotation": { "origin": [ 6.2, 3.1, -4 ], "axis": "z", "angle": -45.0 },
            "faces": {
                "north": { "texture": "#detail", "uv": [ 1, 1, 4.6, 4.6 ] },
                "east": { "texture": "#detail", "uv": [ 0, 0, 0.4, 3.6 ] },
                "south": { "texture": "#detail", "uv": [ 0, 0, 3.6, 3.6 ] },
                "west": { "texture": "#detail", "uv": [ 0, 0, 0.4, 3.6 ] },
                "up": { "texture": "#detail", "uv": [ 0, 0, 3.6, 0.4 ] },
                "down": { "texture": "#detail", "uv": [ 0, 0, 3.6, 0.4 ] }
            }
        },
        {
            "from": [ 5.7, 3.1, -6 ], 
            "to": [ 9.8, 4.09, -5.6 ], 
            "rotation": { "origin": [ 9.8, 3.1, -4 ], "axis": "z", "angle": 45.0 },
            "faces": {
                "north": { "texture": "#detail", "uv": [ 1, 1, 4.6, 4.6 ] },
                "east": { "texture": "#detail", "uv": [ 0, 0, 0.4, 3.6 ] },
                "south": { "texture": "#detail", "uv": [ 0, 0, 3.6, 3.6 ] },
                "west": { "texture": "#detail", "uv": [ 0, 0, 0.4, 3.6 ] },
                "up": { "texture": "#detail", "uv": [ 0, 0, 3.6, 0.4 ] },
                "down": { "texture": "#detail", "uv": [ 0, 0, 3.6, 0.4 ] }
            }
        },
        {
            "from": [ 6.9, 0.2, -4 ], 
            "to": [ 9.1, 3.8, -3.6 ], 
            "faces": {
                "north": { "texture": "#detail", "uv": [ 1, 1, 4.6, 4.6 ] },
                "east": { "texture": "#detail", "uv": [ 0, 0, 0.4, 3.6 ] },
                "south": { "texture": "#detail", "uv": [ 0, 0, 3.6, 3.6 ] },
                "west": { "texture": "#detail", "uv": [ 0, 0, 0.4, 3.6 ] },
                "up": { "texture": "#detail", "uv": [ 0, 0, 3.6, 0.4 ] },
                "down": { "texture": "#detail", "uv": [ 0, 0, 3.6, 0.4 ] }
            }
        },
        {
            "from": [ 6.9, 0.2, 1 ], 
            "to": [ 9.1, 3.8, 1.4 ], 
            "faces": {
                "north": { "texture": "#detail", "uv": [ 1, 1, 4.6, 4.6 ] },
                "east": { "texture": "#detail", "uv": [ 0, 0, 0.4, 3.6 ] },
                "south": { "texture": "#detail", "uv": [ 0, 0, 3.6, 3.6 ] },
                "west": { "texture": "#detail", "uv": [ 0, 0, 0.4, 3.6 ] },
                "up": { "texture": "#detail", "uv": [ 0, 0, 3.6, 0.4 ] },
                "down": { "texture": "#detail", "uv": [ 0, 0, 3.6, 0.4 ] }
            }
        },
        {
            "from": [ 6.9, 0.2, 6 ], 
            "to": [ 9.1, 3.8, 6.4 ], 
            "faces": {
                "north": { "texture": "#detail", "uv": [ 1, 1, 4.6, 4.6 ] },
                "east": { "texture": "#detail", "uv": [ 0, 0, 0.4, 3.6 ] },
                "south": { "texture": "#detail", "uv": [ 0, 0, 3.6, 3.6 ] },
                "west": { "texture": "#detail", "uv": [ 0, 0, 0.4, 3.6 ] },
                "up": { "texture": "#detail", "uv": [ 0, 0, 3.6, 0.4 ] },
                "down": { "texture": "#detail", "uv": [ 0, 0, 3.6, 0.4 ] }
            }
        },
        {
            "from": [ 6.9, 0.2, 8.6 ], 
            "to": [ 9.1, 3.8, 9 ], 
            "faces": {
                "north": { "texture": "#detail", "uv": [ 1, 1, 4.6, 4.6 ] },
                "east": { "texture": "#detail", "uv": [ 0, 0, 0.4, 3.6 ] },
                "south": { "texture": "#detail", "uv": [ 0, 0, 3.6, 3.6 ] },
                "west": { "texture": "#detail", "uv": [ 0, 0, 0.4, 3.6 ] },
                "up": { "texture": "#detail", "uv": [ 0, 0, 3.6, 0.4 ] },
                "down": { "texture": "#detail", "uv": [ 0, 0, 3.6, 0.4 ] }
            }
        },
        {
            "from": [ 6.2, 0.9, -4 ], 
            "to": [ 9.8, 3.1, -3.6 ], 
            "faces": {
                "north": { "texture": "#detail", "uv": [ 1, 1, 4.6, 4.6 ] },
                "east": { "texture": "#detail", "uv": [ 0, 0, 0.4, 3.6 ] },
                "south": { "texture": "#detail", "uv": [ 0, 0, 3.6, 3.6 ] },
                "west": { "texture": "#detail", "uv": [ 0, 0, 0.4, 3.6 ] },
                "up": { "texture": "#detail", "uv": [ 0, 0, 3.6, 0.4 ] },
                "down": { "texture": "#detail", "uv": [ 0, 0, 3.6, 0.4 ] }
            }
        },
        {
            "from": [ 6.2, 0.9, 1 ], 
            "to": [ 9.8, 3.1, 1.4 ], 
            "faces": {
                "north": { "texture": "#detail", "uv": [ 1, 1, 4.6, 4.6 ] },
                "east": { "texture": "#detail", "uv": [ 0, 0, 0.4, 3.6 ] },
                "south": { "texture": "#detail", "uv": [ 0, 0, 3.6, 3.6 ] },
                "west": { "texture": "#detail", "uv": [ 0, 0, 0.4, 3.6 ] },
                "up": { "texture": "#detail", "uv": [ 0, 0, 3.6, 0.4 ] },
                "down": { "texture": "#detail", "uv": [ 0, 0, 3.6, 0.4 ] }
            }
        },
        {
            "from": [ 6.2, 0.9, 6 ], 
            "to": [ 9.8, 3.1, 6.4 ], 
            "faces": {
                "north": { "texture": "#detail", "uv": [ 1, 1, 4.6, 4.6 ] },
                "east": { "texture": "#detail", "uv": [ 0, 0, 0.4, 3.6 ] },
                "south": { "texture": "#detail", "uv": [ 0, 0, 3.6, 3.6 ] },
                "west": { "texture": "#detail", "uv": [ 0, 0, 0.4, 3.6 ] },
                "up": { "texture": "#detail", "uv": [ 0, 0, 3.6, 0.4 ] },
                "down": { "texture": "#detail", "uv": [ 0, 0, 3.6, 0.4 ] }
            }
        },
        {
            "from": [ 6.2, 0.9, 8.6 ], 
            "to": [ 9.8, 3.1, 9 ], 
            "faces": {
                "north": { "texture": "#detail", "uv": [ 1, 1, 4.6, 4.6 ] },
                "east": { "texture": "#detail", "uv": [ 0, 0, 0.4, 3.6 ] },
                "south": { "texture": "#detail", "uv": [ 0, 0, 3.6, 3.6 ] },
                "west": { "texture": "#detail", "uv": [ 0, 0, 0.4, 3.6 ] },
                "up": { "texture": "#detail", "uv": [ 0, 0, 3.6, 0.4 ] },
                "down": { "texture": "#detail", "uv": [ 0, 0, 3.6, 0.4 ] }
            }
        },
        {
            "from": [ 6.2, 3.1, -4 ], 
            "to": [ 10.3, 4.09, -3.6 ], 
            "rotation": { "origin": [ 6.2, 3.1, -4 ], "axis": "z", "angle": -45.0 },
            "faces": {
                "north": { "texture": "#detail", "uv": [ 1, 1, 4.6, 4.6 ] },
                "east": { "texture": "#detail", "uv": [ 0, 0, 0.4, 3.6 ] },
                "south": { "texture": "#detail", "uv": [ 0, 0, 3.6, 3.6 ] },
                "west": { "texture": "#detail", "uv": [ 0, 0, 0.4, 3.6 ] },
                "up": { "texture": "#detail", "uv": [ 0, 0, 3.6, 0.4 ] },
                "down": { "texture": "#detail", "uv": [ 0, 0, 3.6, 0.4 ] }
            }
        },
        {
            "from": [ 6.2, 3.1, 1 ], 
            "to": [ 10.3, 4.09, 1.4 ], 
            "rotation": { "origin": [ 6.2, 3.1, -4 ], "axis": "z", "angle": -45.0 },
            "faces": {
                "north": { "texture": "#detail", "uv": [ 1, 1, 4.6, 4.6 ] },
                "east": { "texture": "#detail", "uv": [ 0, 0, 0.4, 3.6 ] },
                "south": { "texture": "#detail", "uv": [ 0, 0, 3.6, 3.6 ] },
                "west": { "texture": "#detail", "uv": [ 0, 0, 0.4, 3.6 ] },
                "up": { "texture": "#detail", "uv": [ 0, 0, 3.6, 0.4 ] },
                "down": { "texture": "#detail", "uv": [ 0, 0, 3.6, 0.4 ] }
            }
        },
        {
            "from": [ 6.2, 3.1, 6 ], 
            "to": [ 10.3, 4.09, 6.4 ], 
            "rotation": { "origin": [ 6.2, 3.1, -4 ], "axis": "z", "angle": -45.0 },
            "faces": {
                "north": { "texture": "#detail", "uv": [ 1, 1, 4.6, 4.6 ] },
                "east": { "texture": "#detail", "uv": [ 0, 0, 0.4, 3.6 ] },
                "south": { "texture": "#detail", "uv": [ 0, 0, 3.6, 3.6 ] },
                "west": { "texture": "#detail", "uv": [ 0, 0, 0.4, 3.6 ] },
                "up": { "texture": "#detail", "uv": [ 0, 0, 3.6, 0.4 ] },
                "down": { "texture": "#detail", "uv": [ 0, 0, 3.6, 0.4 ] }
            }
        },
        {
            "from": [ 6.2, 3.1, 8.6 ], 
            "to": [ 10.3, 4.09, 9 ], 
            "rotation": { "origin": [ 6.2, 3.1, -4 ], "axis": "z", "angle": -45.0 },
            "faces": {
                "north": { "texture": "#detail", "uv": [ 1, 1, 4.6, 4.6 ] },
                "east": { "texture": "#detail", "uv": [ 0, 0, 0.4, 3.6 ] },
                "south": { "texture": "#detail", "uv": [ 0, 0, 3.6, 3.6 ] },
                "west": { "texture": "#detail", "uv": [ 0, 0, 0.4, 3.6 ] },
                "up": { "texture": "#detail", "uv": [ 0, 0, 3.6, 0.4 ] },
                "down": { "texture": "#detail", "uv": [ 0, 0, 3.6, 0.4 ] }
            }
        },
        {
            "from": [ 5.7, 3.1, -4 ], 
            "to": [ 9.8, 4.09, -3.6 ], 
            "rotation": { "origin": [ 9.8, 3.1, -4 ], "axis": "z", "angle": 45.0 },
            "faces": {
                "north": { "texture": "#detail", "uv": [ 1, 1, 4.6, 4.6 ] },
                "east": { "texture": "#detail", "uv": [ 0, 0, 0.4, 3.6 ] },
                "south": { "texture": "#detail", "uv": [ 0, 0, 3.6, 3.6 ] },
                "west": { "texture": "#detail", "uv": [ 0, 0, 0.4, 3.6 ] },
                "up": { "texture": "#detail", "uv": [ 0, 0, 3.6, 0.4 ] },
                "down": { "texture": "#detail", "uv": [ 0, 0, 3.6, 0.4 ] }
            }
        },
        {
            "from": [ 5.7, 3.1, 1 ], 
            "to": [ 9.8, 4.09, 1.4 ], 
            "rotation": { "origin": [ 9.8, 3.1, -4 ], "axis": "z", "angle": 45.0 },
            "faces": {
                "north": { "texture": "#detail", "uv": [ 1, 1, 4.6, 4.6 ] },
                "east": { "texture": "#detail", "uv": [ 0, 0, 0.4, 3.6 ] },
                "south": { "texture": "#detail", "uv": [ 0, 0, 3.6, 3.6 ] },
                "west": { "texture": "#detail", "uv": [ 0, 0, 0.4, 3.6 ] },
                "up": { "texture": "#detail", "uv": [ 0, 0, 3.6, 0.4 ] },
                "down": { "texture": "#detail", "uv": [ 0, 0, 3.6, 0.4 ] }
            }
        },
        {
            "from": [ 5.7, 3.1, 6 ], 
            "to": [ 9.8, 4.09, 6.4 ], 
            "rotation": { "origin": [ 9.8, 3.1, -4 ], "axis": "z", "angle": 45.0 },
            "faces": {
                "north": { "texture": "#detail", "uv": [ 1, 1, 4.6, 4.6 ] },
                "east": { "texture": "#detail", "uv": [ 0, 0, 0.4, 3.6 ] },
                "south": { "texture": "#detail", "uv": [ 0, 0, 3.6, 3.6 ] },
                "west": { "texture": "#detail", "uv": [ 0, 0, 0.4, 3.6 ] },
                "up": { "texture": "#detail", "uv": [ 0, 0, 3.6, 0.4 ] },
                "down": { "texture": "#detail", "uv": [ 0, 0, 3.6, 0.4 ] }
            }
        },
        {
            "from": [ 5.7, 3.1, 8.6 ], 
            "to": [ 9.8, 4.09, 9 ], 
            "rotation": { "origin": [ 9.8, 3.1, -4 ], "axis": "z", "angle": 45.0 },
            "faces": {
                "north": { "texture": "#detail", "uv": [ 1, 1, 4.6, 4.6 ] },
                "east": { "texture": "#detail", "uv": [ 0, 0, 0.4, 3.6 ] },
                "south": { "texture": "#detail", "uv": [ 0, 0, 3.6, 3.6 ] },
                "west": { "texture": "#detail", "uv": [ 0, 0, 0.4, 3.6 ] },
                "up": { "texture": "#detail", "uv": [ 0, 0, 3.6, 0.4 ] },
                "down": { "texture": "#detail", "uv": [ 0, 0, 3.6, 0.4 ] }
            }
        }
    ]
}