{
    "__comment": "Model generated using MrCrayfish's Model Creator (https://mrcrayfish.com/tools?id=mc)",
    "textures": {
        "barrel": "minecraft:blocks/concrete_silver",
        "detail": "minecraft:blocks/concrete_gray",
        "base": "minecraft:blocks/concrete_white"
    },
    "display": {
        "gui": {
            "rotation": [ 30, 225, 0 ],
            "translation": [ 5.2, 4.7, 0 ],
            "scale": [ 1.5, 1.5, 1.5 ]
        },
        "ground": {
            "rotation": [ 0, 0, 0 ],
            "translation": [ 0, 5, -4.5 ],
            "scale": [ 1, 1, 1 ]
        },
        "fixed": {
            "rotation": [ 0, 90, 0 ],
            "translation": [ -7, 10, 0 ],
            "scale": [ 2, 2, 2 ]
        },
        "firstperson_righthand": {
            "rotation": [ 0, 0, 0 ],
            "translation": [ -3.5, 8.5, 0 ],
            "scale": [ 0.8, 0.8, 0.8 ]
        },
        "thirdperson_righthand": {
            "rotation": [ 20, 0, 0 ],
            "translation": [ 0, 7.8, -3.6 ],
            "scale": [ 1, 1, 1 ]
        }
    },
    "elements": [
        {
            "from": [ 7.2, 2.3, 10.7 ], 
            "to": [ 8.8, 2.7, 16.1 ], 
            "faces": {
                "north": { "texture": "#base", "uv": [ 1, 1, 2.6, 1.4 ], "tintindex": 0 },
                "east": { "texture": "#base", "uv": [ 1, 3, 6.4, 3.4 ], "tintindex": 0 },
                "west": { "texture": "#base", "uv": [ 1, 3, 6.4, 3.4 ], "tintindex": 0 },
                "down": { "texture": "#base", "uv": [ 1, 1, 2.6, 6.4 ], "rotation": 90, "tintindex": 0 }
            }
        },
        {
            "from": [ 7.4, -0.1, 13.7 ], 
            "to": [ 8.6, 2.8, 15 ], 
            "rotation": { "origin": [ 8, 4.5, 15 ], "axis": "x", "angle": -22.5 },
            "faces": {
                "north": { "texture": "#detail", "uv": [ 0, 0, 1.2, 2.9 ] },
                "east": { "texture": "#detail", "uv": [ 0, 0, 1.3, 2.9 ] },
                "south": { "texture": "#detail", "uv": [ 0, 0, 1.2, 2.9 ] },
                "west": { "texture": "#detail", "uv": [ 0, 0, 1.3, 2.9 ] }
            }
        },
        {
            "from": [ 7.9, 1.3, 13.5 ], 
            "to": [ 8.1, 3.3, 13.7 ], 
            "rotation": { "origin": [ 8, 2.3, 13.5 ], "axis": "x", "angle": 22.5 },
            "faces": {
                "east": { "texture": "#barrel", "uv": [ 0, 0, 0.2, 1 ] },
                "south": { "texture": "#barrel", "uv": [ 0, 0, 0.2, 1 ] },
                "west": { "texture": "#barrel", "uv": [ 0, 0, 0.2, 1 ] }
            }
        },
        {
            "from": [ 7.9, 1.3, 13.09 ], 
            "to": [ 8.1, 1.5, 14.99 ], 
            "faces": {
                "east": { "texture": "#barrel", "uv": [ 0, 0, 1.7, 0.2 ] },
                "west": { "texture": "#barrel", "uv": [ 0, 0, 1.7, 0.2 ] },
                "up": { "texture": "#barrel", "uv": [ 0, 0, 0.2, 1.7 ] },
                "down": { "texture": "#barrel", "uv": [ 0, 0, 0.2, 1.7 ] }
            }
        },
        {
            "from": [ 7.21, 1.3, 11.115 ], 
            "to": [ 8.79, 2.3, 13.085 ], 
            "faces": {
                "east": { "texture": "#base", "uv": [ 0, 0, 1.97, 1 ], "tintindex": 0 },
                "west": { "texture": "#base", "uv": [ 0, 0, 1.97, 1 ], "tintindex": 0 },
                "down": { "texture": "#base", "uv": [ 0, 0, 1.58, 1.97 ], "rotation": 180, "tintindex": 0 }
            }
        },
        {
            "from": [ 7.5, -0.6, 11.2 ], 
            "to": [ 8.5, 1.4, 13 ], 
            "faces": {
                "north": { "texture": "#detail", "uv": [ 0, 0, 1, 2 ] },
                "east": { "texture": "#detail", "uv": [ 0, 0, 1.8, 2 ] },
                "south": { "texture": "#detail", "uv": [ 0, 0, 1, 2 ] },
                "west": { "texture": "#detail", "uv": [ 0, 0, 1.8, 2 ] },
                "down": { "texture": "#detail", "uv": [ 0, 0, 1, 1.8 ] }
            }
        },
        {
            "from": [ 7.7, 3.8, 8.7 ], 
            "to": [ 8.3, 4, 9.7 ], 
            "faces": {
                "north": { "texture": "#barrel", "uv": [ 0, 0, 0.6, 0.2 ] },
                "east": { "texture": "#barrel", "uv": [ 0, 0, 4, 0.2 ], "rotation": 180 },
                "west": { "texture": "#barrel", "uv": [ 0, 0, 4, 0.2 ] },
                "up": { "texture": "#barrel", "uv": [ 0, 0, 4, 1 ], "rotation": 90 },
                "down": { "texture": "#barrel", "uv": [ 0, 0, 4, 1 ], "rotation": 270 }
            }
        },
        {
            "from": [ 7.9, 1.7, 14.2 ], 
            "to": [ 8.1, 2.3, 14.4 ], 
            "faces": {
                "north": { "texture": "#detail", "uv": [ 0, 0, 0.2, 1 ] },
                "east": { "texture": "#detail", "uv": [ 0, 0, 0.2, 1 ] },
                "south": { "texture": "#detail", "uv": [ 0, 0, 0.2, 1 ] },
                "west": { "texture": "#detail", "uv": [ 0, 0, 0.2, 1 ] },
                "down": { "texture": "#detail", "uv": [ 0, 0, 0.2, 0.2 ] }
            }
        },
        {
            "from": [ 7.7, 3, 8.7 ], 
            "to": [ 8.3, 3.2, 9.7 ], 
            "faces": {
                "north": { "texture": "#barrel", "uv": [ 0, 0, 0.6, 0.2 ] },
                "east": { "texture": "#barrel", "uv": [ 0, 0, 4, 0.2 ], "rotation": 180 },
                "west": { "texture": "#barrel", "uv": [ 0, 0, 4, 0.2 ] },
                "up": { "texture": "#barrel", "uv": [ 0, 0, 4, 1 ], "rotation": 90 },
                "down": { "texture": "#barrel", "uv": [ 0, 0, 4, 1 ], "rotation": 270 }
            }
        },
        {
            "from": [ 7.5, 3.2, 8.7 ], 
            "to": [ 7.7, 3.8, 9.7 ], 
            "faces": {
                "north": { "texture": "#barrel", "uv": [ 0, 0, 0.2, 0.6 ] },
                "east": { "texture": "#barrel", "uv": [ 0, 0, 4, 0.6 ], "rotation": 180 },
                "west": { "texture": "#barrel", "uv": [ 0, 0, 4, 0.6 ] }
            }
        },
        {
            "from": [ 8.3, 3.2, 8.7 ], 
            "to": [ 8.5, 3.8, 9.7 ], 
            "faces": {
                "north": { "texture": "#barrel", "uv": [ 0, 0, 0.2, 0.6 ] },
                "east": { "texture": "#barrel", "uv": [ 0, 0, 4, 0.6 ], "rotation": 180 },
                "west": { "texture": "#barrel", "uv": [ 0, 0, 4, 0.6 ] }
            }
        },
        {
            "from": [ 7.613, 2.8, 9.7 ], 
            "to": [ 8.387, 4.2, 10.7 ], 
            "faces": {
                "north": { "texture": "#detail", "uv": [ 0, 0, 1.2, 1.4 ] },
                "east": { "texture": "#detail", "uv": [ 0, 0, 6, 1.4 ] },
                "west": { "texture": "#detail", "uv": [ 0, 0, 6, 1.4 ] },
                "up": { "texture": "#detail", "uv": [ 0, 0, 1.2, 6 ], "rotation": 90 },
                "down": { "texture": "#detail", "uv": [ 0, 0, 1.2, 6 ], "rotation": 90 }
            }
        },
        {
            "from": [ 7.3, 3.113, 9.7 ], 
            "to": [ 7.5, 3.887, 10.7 ], 
            "faces": {
                "north": { "texture": "#detail", "uv": [ 0, 0, 0.2, 1 ] },
                "west": { "texture": "#detail", "uv": [ 0, 0, 1, 0.774 ] }
            }
        },
        {
            "from": [ 8.5, 3.113, 9.7 ], 
            "to": [ 8.7, 3.887, 10.7 ], 
            "faces": {
                "north": { "texture": "#detail", "uv": [ 0, 0, 0.2, 1 ] },
                "east": { "texture": "#detail", "uv": [ 0, 0, 1, 0.774 ] }
            }
        },
        {
            "from": [ 7.3, 3.887, 9.7 ], 
            "to": [ 8.837, 4.33, 10.7 ], 
            "rotation": { "origin": [ 7.3, 3.887, 9.8 ], "axis": "z", "angle": -45.0 },
            "faces": {
                "north": { "texture": "#detail", "uv": [ 0, 0, 0.3, 0.565 ] },
                "east": { "texture": "#detail", "uv": [ 0, 0, 6, 0.565 ] },
                "west": { "texture": "#detail", "uv": [ 0, 0, 6, 0.565 ] }
            }
        },
        {
            "from": [ 7.163, 3.887, 9.7 ], 
            "to": [ 8.7, 4.33, 10.7 ], 
            "rotation": { "origin": [ 8.7, 3.887, 10 ], "axis": "z", "angle": 45.0 },
            "faces": {
                "north": { "texture": "#detail", "uv": [ 0, 0, 0.3, 0.565 ] },
                "east": { "texture": "#detail", "uv": [ 0, 0, 1, 0.283 ] },
                "west": { "texture": "#detail", "uv": [ 0, 0, 6, 0.565 ] }
            }
        },
        {
            "from": [ 7.5, 3.8, 8.7 ], 
            "to": [ 7.7, 4.082, 9.7 ], 
            "rotation": { "origin": [ 7.5, 3.8, 1 ], "axis": "z", "angle": -45.0 },
            "faces": {
                "north": { "texture": "#barrel", "uv": [ 0, 0, 0.2, 0.282 ] },
                "east": { "texture": "#barrel", "uv": [ 0, 0, 4, 0.282 ], "rotation": 180 },
                "west": { "texture": "#barrel", "uv": [ 0, 0, 4, 0.282 ] }
            }
        },
        {
            "from": [ 8.3, 3.8, 8.7 ], 
            "to": [ 8.5, 4.082, 9.7 ], 
            "rotation": { "origin": [ 8.5, 3.8, 1 ], "axis": "z", "angle": 45.0 },
            "faces": {
                "north": { "texture": "#barrel", "uv": [ 0, 0, 0.2, 0.282 ] },
                "east": { "texture": "#barrel", "uv": [ 0, 0, 4, 0.282 ], "rotation": 180 },
                "west": { "texture": "#barrel", "uv": [ 0, 0, 4, 0.282 ] }
            }
        },
        {
            "from": [ 8.3, 2.918, 8.7 ], 
            "to": [ 8.5, 3.2, 9.7 ], 
            "rotation": { "origin": [ 8.5, 3.2, 1 ], "axis": "z", "angle": -45.0 },
            "faces": {
                "north": { "texture": "#barrel", "uv": [ 0, 0, 0.2, 0.282 ] },
                "east": { "texture": "#barrel", "uv": [ 0, 0, 4, 0.282 ], "rotation": 180 },
                "west": { "texture": "#barrel", "uv": [ 0, 0, 4, 0.282 ] }
            }
        },
        {
            "from": [ 7.5, 2.918, 8.7 ], 
            "to": [ 7.7, 3.2, 9.7 ], 
            "rotation": { "origin": [ 7.5, 3.2, 1 ], "axis": "z", "angle": 45.0 },
            "faces": {
                "north": { "texture": "#barrel", "uv": [ 0, 0, 0.2, 0.282 ] },
                "east": { "texture": "#barrel", "uv": [ 0, 0, 4, 0.282 ], "rotation": 180 },
                "west": { "texture": "#barrel", "uv": [ 0, 0, 4, 0.282 ] }
            }
        },
        {
            "from": [ 7.6, 4, 10.7 ], 
            "to": [ 8.4, 4.4, 16.5 ], 
            "faces": {
                "north": { "texture": "#base", "uv": [ 1, 1, 1.8, 1.4 ], "tintindex": 0 },
                "south": { "texture": "#base", "uv": [ 1, 1, 1.8, 1.4 ], "tintindex": 0 },
                "up": { "texture": "#base", "uv": [ 1, 3, 1.8, 8.8 ], "tintindex": 0 }
            }
        },
        {
            "from": [ 7.2, 3.6, 10.7 ], 
            "to": [ 7.766, 4, 16.5 ], 
            "rotation": { "origin": [ 7.2, 4, 10.5 ], "axis": "z", "angle": 45.0 },
            "faces": {
                "north": { "texture": "#base", "uv": [ 1, 1, 1.566, 1.4 ], "tintindex": 0 },
                "south": { "texture": "#base", "uv": [ 1, 1, 1.566, 1.4 ], "tintindex": 0 },
                "up": { "texture": "#base", "uv": [ 1, 3, 1.566, 8.8 ], "tintindex": 0 }
            }
        },
        {
            "from": [ 8.234, 3.6, 10.7 ], 
            "to": [ 8.8, 4, 16.5 ], 
            "rotation": { "origin": [ 8.8, 4, 10.5 ], "axis": "z", "angle": -45.0 },
            "faces": {
                "north": { "texture": "#base", "uv": [ 1, 1, 1.566, 1.4 ], "tintindex": 0 },
                "south": { "texture": "#base", "uv": [ 1, 1, 1.566, 1.4 ], "tintindex": 0 },
                "up": { "texture": "#base", "uv": [ 1, 3, 1.566, 8.8 ], "tintindex": 0 }
            }
        },
        {
            "from": [ 7.2, 2.7, 10.7 ], 
            "to": [ 8.8, 4, 16.5 ], 
            "faces": {
                "north": { "texture": "#base", "uv": [ 1, 1, 2.6, 2.3 ], "tintindex": 0 },
                "east": { "texture": "#base", "uv": [ 1, 3, 6.8, 4.3 ], "tintindex": 0 },
                "south": { "texture": "#base", "uv": [ 1, 1, 2.6, 2.3 ], "tintindex": 0 },
                "west": { "texture": "#base", "uv": [ 1, 3, 6.8, 4.3 ], "tintindex": 0 }
            }
        },
        {
            "from": [ 7.2, 2.3, 16.1 ], 
            "to": [ 8.8, 2.7, 16.665 ], 
            "rotation": { "origin": [ 8, 2.3, 16.1 ], "axis": "x", "angle": -45.0 },
            "faces": {
                "east": { "texture": "#base", "uv": [ 1, 3, 1.565, 3.4 ], "rotation": 270, "tintindex": 0 },
                "west": { "texture": "#base", "uv": [ 1, 3, 1.565, 3.4 ], "rotation": 90, "tintindex": 0 },
                "down": { "texture": "#base", "uv": [ 1, 1, 2.6, 1.565 ], "rotation": 90, "tintindex": 0 }
            }
        },
        {
            "from": [ 7.4, -0.5, 13.7 ], 
            "to": [ 8.6, -0.1, 15 ], 
            "rotation": { "origin": [ 8, 4.5, 15 ], "axis": "x", "angle": -22.5 },
            "faces": {
                "north": { "texture": "#base", "uv": [ 0, 0, 1.2, 0.4 ], "tintindex": 0 },
                "east": { "texture": "#base", "uv": [ 0, 0, 1.3, 0.4 ], "tintindex": 0 },
                "south": { "texture": "#base", "uv": [ 0, 0, 1.2, 0.4 ], "tintindex": 0 },
                "west": { "texture": "#base", "uv": [ 0, 0, 1.3, 0.4 ], "tintindex": 0 },
                "down": { "texture": "#base", "uv": [ 0, 0, 1.2, 1.3 ], "tintindex": 0 }
            }
        },
        {
            "from": [ 7.21, 1.22, 10.7 ], 
            "to": [ 8.79, 2.3, 11.1 ], 
            "rotation": { "origin": [ 8, 2.3, 10.7 ], "axis": "x", "angle": -22.5 },
            "faces": {
                "north": { "texture": "#base", "uv": [ 0, 0, 1.58, 1.08 ], "tintindex": 0 },
                "east": { "texture": "#base", "uv": [ 0, 0, 0.4, 1.08 ], "tintindex": 0 },
                "west": { "texture": "#base", "uv": [ 0, 0, 0.4, 1.08 ], "tintindex": 0 }
            }
        },
        {
            "from": [ 7.21, 1.22, 13.1 ], 
            "to": [ 8.79, 2.3, 13.5 ], 
            "rotation": { "origin": [ 8, 2.3, 13.5 ], "axis": "x", "angle": 22.5 },
            "faces": {
                "east": { "texture": "#base", "uv": [ 0, 0, 0.4, 1.08 ], "tintindex": 0 },
                "south": { "texture": "#base", "uv": [ 0, 0, 1.58, 1.08 ], "tintindex": 0 },
                "west": { "texture": "#base", "uv": [ 0, 0, 0.4, 1.08 ], "tintindex": 0 }
            }
        },
        {
            "from": [ 7.91, 4.4, 11 ], 
            "to": [ 8.11, 4.9, 11.5 ], 
            "faces": {
                "north": { "texture": "#detail", "uv": [ 0, 0, 0.2, 0.5 ] },
                "east": { "texture": "#detail", "uv": [ 0, 0, 0.5, 0.5 ] },
                "south": { "texture": "#detail", "uv": [ 0, 0, 0.2, 0.5 ] },
                "west": { "texture": "#detail", "uv": [ 0, 0, 0.5, 0.5 ] },
                "up": { "texture": "#detail", "uv": [ 0, 0, 0.2, 0.5 ] }
            }
        }
    ]
}