{
    "__comment": "Model generated using MrCrayfish's Model Creator (https://mrcrayfish.com/tools?id=mc)",
    "textures": {
        "0": "blocks/hardened_clay_stained_red",
        "1": "blocks/anvil_base",
        "2": "blocks/stone"
    },
    "display": {
        "gui": {
            "rotation": [ 120, 0, 45 ],
            "translation": [ -3.75, -1.25, 0 ],
            "scale": [ 0.85, 0.85, 0.85 ]
        },
        "ground": {
            "rotation": [ 0, 0, 0 ],
            "translation": [ 0, 3, 0 ],
            "scale": [ 0.25, 0.25, 0.25 ]
        },
        "fixed": {
            "rotation": [ 90, 0, 0 ],
            "translation": [ 0, 0, 4.5 ],
            "scale": [ 1, 1, 1 ]
        },
        "thirdperson_righthand": {
            "rotation": [ 75, 45, 0 ],
            "translation": [ 0, 2.5, 0 ],
            "scale": [ 0.375, 0.375, 0.375 ]
        },
        "thirdperson_lefthand": {
            "rotation": [ 75, 255, 0 ],
            "translation": [ 0, 2.5, 0 ],
            "scale": [ 0.375, 0.375, 0.375 ]
        },
        "firstperson_righthand": {
            "rotation": [ 0, 45, 0 ],
            "translation": [ 0, 2.5, 0 ],
            "scale": [ 0.4, 0.4, 0.4 ]
        },
        "firstperson_lefthand": {
            "rotation": [ 0, 225, 0 ],
            "translation": [ 0, 2.5, 0 ],
            "scale": [ 0.4, 0.4, 0.4 ]
        }
    },
    "elements": [
        {
            "name": "missile_front",
            "from": [ 7.00, 1.00, 0.00 ], 
            "to": [ 9.00, 3.00, 1.00 ], 
            "faces": {
                "north": { "texture": "#0", "uv": [ 0.00, 0.00, 2.00, 2.00 ] },
                "east": { "texture": "#0", "uv": [ 0.00, 0.00, 1.00, 2.00 ] },
                "south": { "texture": "#0", "uv": [ 0.00, 0.00, 2.00, 2.00 ] },
                "west": { "texture": "#0", "uv": [ 0.00, 0.00, 1.00, 2.00 ] },
                "up": { "texture": "#0", "uv": [ 0.00, 0.00, 2.00, 1.00 ] },
                "down": { "texture": "#0", "uv": [ 0.00, 0.00, 2.00, 1.00 ] }
            }
        },
        {
            "name": "missile_body",
            "from": [ 6.00, 0.00, 3.00 ], 
            "to": [ 10.00, 4.00, 13.00 ], 
            "faces": {
                "north": { "texture": "#1", "uv": [ 0.00, 0.00, 4.00, 4.00 ] },
                "east": { "texture": "#1", "uv": [ 0.00, 0.00, 10.00, 4.00 ] },
                "south": { "texture": "#1", "uv": [ 0.00, 0.00, 4.00, 4.00 ] },
                "west": { "texture": "#1", "uv": [ 0.00, 0.00, 10.00, 4.00 ] },
                "up": { "texture": "#1", "uv": [ 0.00, 0.00, 4.00, 10.00 ] },
                "down": { "texture": "#1", "uv": [ 0.00, 0.00, 4.00, 10.00 ] }
            }
        },
        {
            "name": "missile_back_1",
            "from": [ 6.00, 0.00, 14.00 ], 
            "to": [ 10.00, 1.00, 16.00 ], 
            "faces": {
                "north": { "texture": "#1", "uv": [ 0.00, 0.00, 4.00, 1.00 ] },
                "east": { "texture": "#1", "uv": [ 0.00, 0.00, 2.00, 1.00 ] },
                "south": { "texture": "#1", "uv": [ 0.00, 0.00, 4.00, 1.00 ] },
                "west": { "texture": "#1", "uv": [ 0.00, 0.00, 2.00, 1.00 ] },
                "up": { "texture": "#1", "uv": [ 0.00, 0.00, 4.00, 2.00 ] },
                "down": { "texture": "#1", "uv": [ 0.00, 0.00, 4.00, 2.00 ] }
            }
        },
        {
            "name": "Cube",
            "from": [ 6.20, 0.20, 13.00 ], 
            "to": [ 9.80, 3.80, 14.00 ], 
            "faces": {
                "north": { "texture": "#0", "uv": [ 0.00, 0.00, 3.60, 3.60 ] },
                "east": { "texture": "#0", "uv": [ 0.00, 0.00, 1.00, 3.60 ] },
                "south": { "texture": "#0", "uv": [ 0.00, 0.00, 10.60, 1.60 ] },
                "west": { "texture": "#0", "uv": [ 0.00, 0.00, -8.00, -2.40 ] },
                "up": { "texture": "#0", "uv": [ 0.00, 0.00, 3.60, 1.00 ] },
                "down": { "texture": "#0", "uv": [ 0.00, 0.00, 3.60, 1.00 ] }
            }
        },
        {
            "name": "missile_back_2",
            "from": [ 6.00, 3.00, 14.00 ], 
            "to": [ 10.00, 4.00, 16.00 ], 
            "faces": {
                "north": { "texture": "#1", "uv": [ 0.00, 0.00, 4.00, 1.00 ] },
                "east": { "texture": "#1", "uv": [ 0.00, 0.00, 2.00, 1.00 ] },
                "south": { "texture": "#1", "uv": [ 0.00, 0.00, 4.00, 1.00 ] },
                "west": { "texture": "#1", "uv": [ 0.00, 0.00, 2.00, 1.00 ] },
                "up": { "texture": "#1", "uv": [ 0.00, 0.00, 4.00, 2.00 ] },
                "down": { "texture": "#1", "uv": [ 0.00, 0.00, 4.00, 2.00 ] }
            }
        },
        {
            "name": "missile_back_3",
            "from": [ 6.00, 1.00, 14.00 ], 
            "to": [ 7.00, 3.00, 16.00 ], 
            "faces": {
                "north": { "texture": "#1", "uv": [ 0.00, 0.00, 1.00, 2.00 ] },
                "east": { "texture": "#1", "uv": [ 0.00, 0.00, 2.00, 2.00 ] },
                "south": { "texture": "#1", "uv": [ 0.00, 0.00, 1.00, 2.00 ] },
                "west": { "texture": "#1", "uv": [ 0.00, 0.00, 2.00, 2.00 ] },
                "up": { "texture": "#1", "uv": [ 0.00, 0.00, 1.00, 2.00 ] },
                "down": { "texture": "#1", "uv": [ 0.00, 0.00, 1.00, 2.00 ] }
            }
        },
        {
            "name": "missile_back_4",
            "from": [ 9.00, 1.00, 14.00 ], 
            "to": [ 10.00, 3.00, 16.00 ], 
            "faces": {
                "north": { "texture": "#1", "uv": [ 0.00, 0.00, 1.00, 2.00 ] },
                "east": { "texture": "#1", "uv": [ 0.00, 0.00, 2.00, 2.00 ] },
                "south": { "texture": "#1", "uv": [ 0.00, 0.00, 1.00, 2.00 ] },
                "west": { "texture": "#1", "uv": [ 0.00, 0.00, 2.00, 2.00 ] },
                "up": { "texture": "#1", "uv": [ 0.00, 0.00, 1.00, 2.00 ] },
                "down": { "texture": "#1", "uv": [ 0.00, 0.00, 1.00, 2.00 ] }
            }
        },
        {
            "name": "missile_front_2",
            "from": [ 6.50, 0.50, 1.00 ], 
            "to": [ 9.50, 3.50, 2.00 ], 
            "faces": {
                "north": { "texture": "#0", "uv": [ 0.00, 0.00, 3.00, 3.00 ] },
                "east": { "texture": "#0", "uv": [ 0.00, 0.00, 1.00, 3.00 ] },
                "south": { "texture": "#0", "uv": [ 0.00, 0.00, 3.00, 3.00 ] },
                "west": { "texture": "#0", "uv": [ 0.00, 0.00, 1.00, 3.00 ] },
                "up": { "texture": "#0", "uv": [ 0.00, 0.00, 3.00, 1.00 ] },
                "down": { "texture": "#0", "uv": [ 0.00, 0.00, 3.00, 1.00 ] }
            }
        },
        {
            "name": "missile_front_3",
            "from": [ 6.00, -0.00, 2.00 ], 
            "to": [ 10.00, 4.00, 3.00 ], 
            "faces": {
                "north": { "texture": "#0", "uv": [ 0.00, 0.00, 4.00, 4.00 ] },
                "east": { "texture": "#0", "uv": [ 0.00, 0.00, 1.00, 4.00 ] },
                "south": { "texture": "#0", "uv": [ 0.00, 0.00, 4.00, 4.00 ] },
                "west": { "texture": "#0", "uv": [ 0.00, 0.00, 1.00, 4.00 ] },
                "up": { "texture": "#0", "uv": [ 0.00, 0.00, 4.00, 1.00 ] },
                "down": { "texture": "#0", "uv": [ 0.00, 0.00, 4.00, 1.00 ] }
            }
        },
        {
            "name": "fin_1",
            "from": [ 7.50, 2.00, 9.00 ], 
            "to": [ 8.50, 4.00, 12.00 ], 
            "rotation": { "origin": [ 8.0, 4.0, 9.0 ], "axis": "x", "angle": -22.5 },
            "faces": {
                "north": { "texture": "#2", "uv": [ 0.00, 0.00, 1.00, 2.00 ] },
                "east": { "texture": "#2", "uv": [ 0.00, 0.00, 3.00, 2.00 ] },
                "south": { "texture": "#2", "uv": [ 0.00, 0.00, 1.00, 2.00 ] },
                "west": { "texture": "#2", "uv": [ 0.00, 0.00, 3.00, 2.00 ] },
                "up": { "texture": "#2", "uv": [ 0.00, 0.00, 1.00, 3.00 ] },
                "down": { "texture": "#2", "uv": [ 0.00, 0.00, 1.00, 3.00 ] }
            }
        },
        {
            "name": "fin_2",
            "from": [ 7.50, 0.00, 9.00 ], 
            "to": [ 8.50, 2.00, 12.00 ], 
            "rotation": { "origin": [ 8.0, 0.0, 9.0 ], "axis": "x", "angle": 22.5 },
            "faces": {
                "north": { "texture": "#2", "uv": [ 0.00, 0.00, 1.00, 2.00 ] },
                "east": { "texture": "#2", "uv": [ 0.00, 0.00, 3.00, 2.00 ] },
                "south": { "texture": "#2", "uv": [ 0.00, 0.00, 1.00, 2.00 ] },
                "west": { "texture": "#2", "uv": [ 0.00, 0.00, 3.00, 2.00 ] },
                "up": { "texture": "#2", "uv": [ 0.00, 0.00, 1.00, 3.00 ] },
                "down": { "texture": "#2", "uv": [ 0.00, 0.00, 1.00, 3.00 ] }
            }
        },
        {
            "name": "fin_3",
            "from": [ 6.00, 1.50, 9.00 ], 
            "to": [ 8.00, 2.50, 12.00 ], 
            "rotation": { "origin": [ 6.0, 2.0, 9.0 ], "axis": "y", "angle": -22.5 },
            "faces": {
                "north": { "texture": "#2", "uv": [ 0.00, 0.00, 2.00, 1.00 ] },
                "east": { "texture": "#2", "uv": [ 0.00, 0.00, 3.00, 1.00 ] },
                "south": { "texture": "#2", "uv": [ 0.00, 0.00, 2.00, 1.00 ] },
                "west": { "texture": "#2", "uv": [ 0.00, 0.00, 3.00, 1.00 ] },
                "up": { "texture": "#2", "uv": [ 0.00, 0.00, -1.00, 3.00 ] },
                "down": { "texture": "#2", "uv": [ 0.00, 0.00, 2.00, 3.00 ] }
            }
        },
        {
            "name": "fin_4",
            "from": [ 8.00, 1.50, 9.00 ], 
            "to": [ 10.00, 2.50, 12.00 ], 
            "rotation": { "origin": [ 10.0, 2.0, 9.0 ], "axis": "y", "angle": 22.5 },
            "faces": {
                "north": { "texture": "#2", "uv": [ 0.00, 0.00, 2.00, 1.00 ] },
                "east": { "texture": "#2", "uv": [ 0.00, 0.00, 3.00, 1.00 ] },
                "south": { "texture": "#2", "uv": [ 0.00, 0.00, 2.00, 1.00 ] },
                "west": { "texture": "#2", "uv": [ 0.00, 0.00, 3.00, 1.00 ] },
                "up": { "texture": "#2", "uv": [ 0.00, 0.00, 2.00, 3.00 ] },
                "down": { "texture": "#2", "uv": [ 0.00, 0.00, 2.00, 3.00 ] }
            }
        }
    ]
}