{
    "__comment": "Model generated using MrCrayfish's Model Creator (https://mrcrayfish.com/tools?id=mc)",
    "textures": {
        "barrel": "minecraft:blocks/concrete_gray",
        "detail": "minecraft:blocks/concrete_silver"
    },
    "display": {
        "gui": {
            "rotation": [ 30, 225, 0 ],
            "translation": [ -1, 3, 0 ],
            "scale": [ 0.75, 0.75, 0.75 ]
        },
        "ground": {
            "rotation": [ 0, 0, 0 ],
            "translation": [ 0, 3, 0 ],
            "scale": [ 1, 1, 1 ]
        },
        "fixed": {
            "rotation": [ 0, 90, 0 ],
            "translation": [ -0.5, 10, 0 ],
            "scale": [ 2, 2, 2 ]
        },
        "firstperson_righthand": {
            "rotation": [ 0, 0, 0 ],
            "translation": [ -3.5, 7.5, 3 ],
            "scale": [ 0.8, 0.8, 0.8 ]
        },
        "thirdperson_righthand": {
            "rotation": [ 75, 0, 0 ],
            "translation": [ 0, 10, 4 ],
            "scale": [ 1, 1, 1 ]
        }
    },
    "elements": [
        {
            "from": [ 6.5, 2.3, -7 ], 
            "to": [ 7.5, 3.3, 8.9 ], 
            "rotation": { "origin": [ 7, 3, 9 ], "axis": "z", "angle": 45.0 },
            "faces": {
                "north": { "texture": "#barrel", "uv": [ 0, 0, 1, 1 ] },
                "east": { "texture": "#barrel", "uv": [ 0, 0, 15.9, 1 ] },
                "south": { "texture": "#barrel", "uv": [ 0, 0, 1, 1 ] },
                "west": { "texture": "#barrel", "uv": [ 0, 0, 15.9, 1 ] },
                "up": { "texture": "#barrel", "uv": [ 0, 0, 1, 15.9 ] },
                "down": { "texture": "#barrel", "uv": [ 0, 0, 1, 15.9 ] }
            }
        },
        {
            "from": [ 8.5, 2.3, -7 ], 
            "to": [ 9.5, 3.3, 8.9 ], 
            "rotation": { "origin": [ 9, 3, 9 ], "axis": "z", "angle": -45.0 },
            "faces": {
                "north": { "texture": "#barrel", "uv": [ 0, 0, 1, 1 ] },
                "east": { "texture": "#barrel", "uv": [ 0, 0, 15.9, 1 ] },
                "south": { "texture": "#barrel", "uv": [ 0, 0, 1, 1 ] },
                "west": { "texture": "#barrel", "uv": [ 0, 0, 15.9, 1 ] },
                "up": { "texture": "#barrel", "uv": [ 0, 0, 1, 15.9 ] },
                "down": { "texture": "#barrel", "uv": [ 0, 0, 1, 15.9 ] }
            }
        },
        {
            "from": [ 8.3, 0.5, -7 ], 
            "to": [ 9.3, 1.5, 8.9 ], 
            "rotation": { "origin": [ 9, 1, 9 ], "axis": "z", "angle": -45.0 },
            "faces": {
                "north": { "texture": "#barrel", "uv": [ 0, 0, 1, 1 ] },
                "east": { "texture": "#barrel", "uv": [ 0, 0, 15.9, 1 ] },
                "south": { "texture": "#barrel", "uv": [ 0, 0, 1, 1 ] },
                "west": { "texture": "#barrel", "uv": [ 0, 0, 15.9, 1 ] },
                "up": { "texture": "#barrel", "uv": [ 0, 0, 1, 15.9 ] },
                "down": { "texture": "#barrel", "uv": [ 0, 0, 1, 15.9 ] }
            }
        },
        {
            "from": [ 6.7, 0.5, -7 ], 
            "to": [ 7.7, 1.5, 8.9 ], 
            "rotation": { "origin": [ 7, 1, 9 ], "axis": "z", "angle": 45.0 },
            "faces": {
                "north": { "texture": "#barrel", "uv": [ 0, 0, 1, 1 ] },
                "east": { "texture": "#barrel", "uv": [ 0, 0, 15.9, 1 ] },
                "south": { "texture": "#barrel", "uv": [ 0, 0, 1, 1 ] },
                "west": { "texture": "#barrel", "uv": [ 0, 0, 15.9, 1 ] },
                "up": { "texture": "#barrel", "uv": [ 0, 0, 1, 15.9 ] },
                "down": { "texture": "#barrel", "uv": [ 0, 0, 1, 15.9 ] }
            }
        },
        {
            "from": [ 6.9, 0.2, -6 ], 
            "to": [ 9.1, 3.8, -5.6 ], 
            "faces": {
                "north": { "texture": "#detail", "uv": [ 1, 1, 4.6, 4.6 ] },
                "east": { "texture": "#detail", "uv": [ 0, 0, 0.4, 3.6 ] },
                "south": { "texture": "#detail", "uv": [ 0, 0, 3.6, 3.6 ] },
                "west": { "texture": "#detail", "uv": [ 0, 0, 0.4, 3.6 ] },
                "up": { "texture": "#detail", "uv": [ 0, 0, 3.6, 0.4 ] },
                "down": { "texture": "#detail", "uv": [ 0, 0, 3.6, 0.4 ] }
            }
        },
        {
            "from": [ 6.2, 0.9, -6 ], 
            "to": [ 9.8, 3.1, -5.6 ], 
            "faces": {
                "north": { "texture": "#detail", "uv": [ 1, 1, 4.6, 4.6 ] },
                "east": { "texture": "#detail", "uv": [ 0, 0, 0.4, 3.6 ] },
                "south": { "texture": "#detail", "uv": [ 0, 0, 3.6, 3.6 ] },
                "west": { "texture": "#detail", "uv": [ 0, 0, 0.4, 3.6 ] },
                "up": { "texture": "#detail", "uv": [ 0, 0, 3.6, 0.4 ] },
                "down": { "texture": "#detail", "uv": [ 0, 0, 3.6, 0.4 ] }
            }
        },
        {
            "from": [ 6.2, 3.1, -6 ], 
            "to": [ 10.3, 4.09, -5.6 ], 
            "rotation": { "origin": [ 6.2, 3.1, -4 ], "axis": "z", "angle": -45.0 },
            "faces": {
                "north": { "texture": "#detail", "uv": [ 1, 1, 4.6, 4.6 ] },
                "east": { "texture": "#detail", "uv": [ 0, 0, 0.4, 3.6 ] },
                "south": { "texture": "#detail", "uv": [ 0, 0, 3.6, 3.6 ] },
                "west": { "texture": "#detail", "uv": [ 0, 0, 0.4, 3.6 ] },
                "up": { "texture": "#detail", "uv": [ 0, 0, 3.6, 0.4 ] },
                "down": { "texture": "#detail", "uv": [ 0, 0, 3.6, 0.4 ] }
            }
        },
        {
            "from": [ 5.7, 3.1, -6 ], 
            "to": [ 9.8, 4.09, -5.6 ], 
            "rotation": { "origin": [ 9.8, 3.1, -4 ], "axis": "z", "angle": 45.0 },
            "faces": {
                "north": { "texture": "#detail", "uv": [ 1, 1, 4.6, 4.6 ] },
                "east": { "texture": "#detail", "uv": [ 0, 0, 0.4, 3.6 ] },
                "south": { "texture": "#detail", "uv": [ 0, 0, 3.6, 3.6 ] },
                "west": { "texture": "#detail", "uv": [ 0, 0, 0.4, 3.6 ] },
                "up": { "texture": "#detail", "uv": [ 0, 0, 3.6, 0.4 ] },
                "down": { "texture": "#detail", "uv": [ 0, 0, 3.6, 0.4 ] }
            }
        },
        {
            "from": [ 6.9, 0.2, -4 ], 
            "to": [ 9.1, 3.8, -3.6 ], 
            "faces": {
                "north": { "texture": "#detail", "uv": [ 1, 1, 4.6, 4.6 ] },
                "east": { "texture": "#detail", "uv": [ 0, 0, 0.4, 3.6 ] },
                "south": { "texture": "#detail", "uv": [ 0, 0, 3.6, 3.6 ] },
                "west": { "texture": "#detail", "uv": [ 0, 0, 0.4, 3.6 ] },
                "up": { "texture": "#detail", "uv": [ 0, 0, 3.6, 0.4 ] },
                "down": { "texture": "#detail", "uv": [ 0, 0, 3.6, 0.4 ] }
            }
        },
        {
            "from": [ 6.9, 0.2, 1 ], 
            "to": [ 9.1, 3.8, 1.4 ], 
            "faces": {
                "north": { "texture": "#detail", "uv": [ 1, 1, 4.6, 4.6 ] },
                "east": { "texture": "#detail", "uv": [ 0, 0, 0.4, 3.6 ] },
                "south": { "texture": "#detail", "uv": [ 0, 0, 3.6, 3.6 ] },
                "west": { "texture": "#detail", "uv": [ 0, 0, 0.4, 3.6 ] },
                "up": { "texture": "#detail", "uv": [ 0, 0, 3.6, 0.4 ] },
                "down": { "texture": "#detail", "uv": [ 0, 0, 3.6, 0.4 ] }
            }
        },
        {
            "from": [ 6.9, 0.2, 6 ], 
            "to": [ 9.1, 3.8, 6.4 ], 
            "faces": {
                "north": { "texture": "#detail", "uv": [ 1, 1, 4.6, 4.6 ] },
                "east": { "texture": "#detail", "uv": [ 0, 0, 0.4, 3.6 ] },
                "south": { "texture": "#detail", "uv": [ 0, 0, 3.6, 3.6 ] },
                "west": { "texture": "#detail", "uv": [ 0, 0, 0.4, 3.6 ] },
                "up": { "texture": "#detail", "uv": [ 0, 0, 3.6, 0.4 ] },
                "down": { "texture": "#detail", "uv": [ 0, 0, 3.6, 0.4 ] }
            }
        },
        {
            "from": [ 6.9, 0.2, 8.6 ], 
            "to": [ 9.1, 3.8, 9 ], 
            "faces": {
                "north": { "texture": "#detail", "uv": [ 1, 1, 4.6, 4.6 ] },
                "east": { "texture": "#detail", "uv": [ 0, 0, 0.4, 3.6 ] },
                "south": { "texture": "#detail", "uv": [ 0, 0, 3.6, 3.6 ] },
                "west": { "texture": "#detail", "uv": [ 0, 0, 0.4, 3.6 ] },
                "up": { "texture": "#detail", "uv": [ 0, 0, 3.6, 0.4 ] },
                "down": { "texture": "#detail", "uv": [ 0, 0, 3.6, 0.4 ] }
            }
        },
        {
            "from": [ 6.2, 0.9, -4 ], 
            "to": [ 9.8, 3.1, -3.6 ], 
            "faces": {
                "north": { "texture": "#detail", "uv": [ 1, 1, 4.6, 4.6 ] },
                "east": { "texture": "#detail", "uv": [ 0, 0, 0.4, 3.6 ] },
                "south": { "texture": "#detail", "uv": [ 0, 0, 3.6, 3.6 ] },
                "west": { "texture": "#detail", "uv": [ 0, 0, 0.4, 3.6 ] },
                "up": { "texture": "#detail", "uv": [ 0, 0, 3.6, 0.4 ] },
                "down": { "texture": "#detail", "uv": [ 0, 0, 3.6, 0.4 ] }
            }
        },
        {
            "from": [ 6.2, 0.9, 1 ], 
            "to": [ 9.8, 3.1, 1.4 ], 
            "faces": {
                "north": { "texture": "#detail", "uv": [ 1, 1, 4.6, 4.6 ] },
                "east": { "texture": "#detail", "uv": [ 0, 0, 0.4, 3.6 ] },
                "south": { "texture": "#detail", "uv": [ 0, 0, 3.6, 3.6 ] },
                "west": { "texture": "#detail", "uv": [ 0, 0, 0.4, 3.6 ] },
                "up": { "texture": "#detail", "uv": [ 0, 0, 3.6, 0.4 ] },
                "down": { "texture": "#detail", "uv": [ 0, 0, 3.6, 0.4 ] }
            }
        },
        {
            "from": [ 6.2, 0.9, 6 ], 
            "to": [ 9.8, 3.1, 6.4 ], 
            "faces": {
                "north": { "texture": "#detail", "uv": [ 1, 1, 4.6, 4.6 ] },
                "east": { "texture": "#detail", "uv": [ 0, 0, 0.4, 3.6 ] },
                "south": { "texture": "#detail", "uv": [ 0, 0, 3.6, 3.6 ] },
                "west": { "texture": "#detail", "uv": [ 0, 0, 0.4, 3.6 ] },
                "up": { "texture": "#detail", "uv": [ 0, 0, 3.6, 0.4 ] },
                "down": { "texture": "#detail", "uv": [ 0, 0, 3.6, 0.4 ] }
            }
        },
        {
            "from": [ 6.2, 0.9, 8.6 ], 
            "to": [ 9.8, 3.1, 9 ], 
            "faces": {
                "north": { "texture": "#detail", "uv": [ 1, 1, 4.6, 4.6 ] },
                "east": { "texture": "#detail", "uv": [ 0, 0, 0.4, 3.6 ] },
                "south": { "texture": "#detail", "uv": [ 0, 0, 3.6, 3.6 ] },
                "west": { "texture": "#detail", "uv": [ 0, 0, 0.4, 3.6 ] },
                "up": { "texture": "#detail", "uv": [ 0, 0, 3.6, 0.4 ] },
                "down": { "texture": "#detail", "uv": [ 0, 0, 3.6, 0.4 ] }
            }
        },
        {
            "from": [ 6.2, 3.1, -4 ], 
            "to": [ 10.3, 4.09, -3.6 ], 
            "rotation": { "origin": [ 6.2, 3.1, -4 ], "axis": "z", "angle": -45.0 },
            "faces": {
                "north": { "texture": "#detail", "uv": [ 1, 1, 4.6, 4.6 ] },
                "east": { "texture": "#detail", "uv": [ 0, 0, 0.4, 3.6 ] },
                "south": { "texture": "#detail", "uv": [ 0, 0, 3.6, 3.6 ] },
                "west": { "texture": "#detail", "uv": [ 0, 0, 0.4, 3.6 ] },
                "up": { "texture": "#detail", "uv": [ 0, 0, 3.6, 0.4 ] },
                "down": { "texture": "#detail", "uv": [ 0, 0, 3.6, 0.4 ] }
            }
        },
        {
            "from": [ 6.2, 3.1, 1 ], 
            "to": [ 10.3, 4.09, 1.4 ], 
            "rotation": { "origin": [ 6.2, 3.1, -4 ], "axis": "z", "angle": -45.0 },
            "faces": {
                "north": { "texture": "#detail", "uv": [ 1, 1, 4.6, 4.6 ] },
                "east": { "texture": "#detail", "uv": [ 0, 0, 0.4, 3.6 ] },
                "south": { "texture": "#detail", "uv": [ 0, 0, 3.6, 3.6 ] },
                "west": { "texture": "#detail", "uv": [ 0, 0, 0.4, 3.6 ] },
                "up": { "texture": "#detail", "uv": [ 0, 0, 3.6, 0.4 ] },
                "down": { "texture": "#detail", "uv": [ 0, 0, 3.6, 0.4 ] }
            }
        },
        {
            "from": [ 6.2, 3.1, 6 ], 
            "to": [ 10.3, 4.09, 6.4 ], 
            "rotation": { "origin": [ 6.2, 3.1, -4 ], "axis": "z", "angle": -45.0 },
            "faces": {
                "north": { "texture": "#detail", "uv": [ 1, 1, 4.6, 4.6 ] },
                "east": { "texture": "#detail", "uv": [ 0, 0, 0.4, 3.6 ] },
                "south": { "texture": "#detail", "uv": [ 0, 0, 3.6, 3.6 ] },
                "west": { "texture": "#detail", "uv": [ 0, 0, 0.4, 3.6 ] },
                "up": { "texture": "#detail", "uv": [ 0, 0, 3.6, 0.4 ] },
                "down": { "texture": "#detail", "uv": [ 0, 0, 3.6, 0.4 ] }
            }
        },
        {
            "from": [ 6.2, 3.1, 8.6 ], 
            "to": [ 10.3, 4.09, 9 ], 
            "rotation": { "origin": [ 6.2, 3.1, -4 ], "axis": "z", "angle": -45.0 },
            "faces": {
                "north": { "texture": "#detail", "uv": [ 1, 1, 4.6, 4.6 ] },
                "east": { "texture": "#detail", "uv": [ 0, 0, 0.4, 3.6 ] },
                "south": { "texture": "#detail", "uv": [ 0, 0, 3.6, 3.6 ] },
                "west": { "texture": "#detail", "uv": [ 0, 0, 0.4, 3.6 ] },
                "up": { "texture": "#detail", "uv": [ 0, 0, 3.6, 0.4 ] },
                "down": { "texture": "#detail", "uv": [ 0, 0, 3.6, 0.4 ] }
            }
        },
        {
            "from": [ 5.7, 3.1, -4 ], 
            "to": [ 9.8, 4.09, -3.6 ], 
            "rotation": { "origin": [ 9.8, 3.1, -4 ], "axis": "z", "angle": 45.0 },
            "faces": {
                "north": { "texture": "#detail", "uv": [ 1, 1, 4.6, 4.6 ] },
                "east": { "texture": "#detail", "uv": [ 0, 0, 0.4, 3.6 ] },
                "south": { "texture": "#detail", "uv": [ 0, 0, 3.6, 3.6 ] },
                "west": { "texture": "#detail", "uv": [ 0, 0, 0.4, 3.6 ] },
                "up": { "texture": "#detail", "uv": [ 0, 0, 3.6, 0.4 ] },
                "down": { "texture": "#detail", "uv": [ 0, 0, 3.6, 0.4 ] }
            }
        },
        {
            "from": [ 5.7, 3.1, 1 ], 
            "to": [ 9.8, 4.09, 1.4 ], 
            "rotation": { "origin": [ 9.8, 3.1, -4 ], "axis": "z", "angle": 45.0 },
            "faces": {
                "north": { "texture": "#detail", "uv": [ 1, 1, 4.6, 4.6 ] },
                "east": { "texture": "#detail", "uv": [ 0, 0, 0.4, 3.6 ] },
                "south": { "texture": "#detail", "uv": [ 0, 0, 3.6, 3.6 ] },
                "west": { "texture": "#detail", "uv": [ 0, 0, 0.4, 3.6 ] },
                "up": { "texture": "#detail", "uv": [ 0, 0, 3.6, 0.4 ] },
                "down": { "texture": "#detail", "uv": [ 0, 0, 3.6, 0.4 ] }
            }
        },
        {
            "from": [ 5.7, 3.1, 6 ], 
            "to": [ 9.8, 4.09, 6.4 ], 
            "rotation": { "origin": [ 9.8, 3.1, -4 ], "axis": "z", "angle": 45.0 },
            "faces": {
                "north": { "texture": "#detail", "uv": [ 1, 1, 4.6, 4.6 ] },
                "east": { "texture": "#detail", "uv": [ 0, 0, 0.4, 3.6 ] },
                "south": { "texture": "#detail", "uv": [ 0, 0, 3.6, 3.6 ] },
                "west": { "texture": "#detail", "uv": [ 0, 0, 0.4, 3.6 ] },
                "up": { "texture": "#detail", "uv": [ 0, 0, 3.6, 0.4 ] },
                "down": { "texture": "#detail", "uv": [ 0, 0, 3.6, 0.4 ] }
            }
        },
        {
            "from": [ 5.7, 3.1, 8.6 ], 
            "to": [ 9.8, 4.09, 9 ], 
            "rotation": { "origin": [ 9.8, 3.1, -4 ], "axis": "z", "angle": 45.0 },
            "faces": {
                "north": { "texture": "#detail", "uv": [ 1, 1, 4.6, 4.6 ] },
                "east": { "texture": "#detail", "uv": [ 0, 0, 0.4, 3.6 ] },
                "south": { "texture": "#detail", "uv": [ 0, 0, 3.6, 3.6 ] },
                "west": { "texture": "#detail", "uv": [ 0, 0, 0.4, 3.6 ] },
                "up": { "texture": "#detail", "uv": [ 0, 0, 3.6, 0.4 ] },
                "down": { "texture": "#detail", "uv": [ 0, 0, 3.6, 0.4 ] }
            }
        }
    ]
}