{
    "__comment": "Model generated using MrCrayfish's Model Creator (https://mrcrayfish.com/tools?id=mc)",
    "textures": {
        "0": "blocks/hardened_clay_stained_red",
        "1": "blocks/gold_block"
    },
    "display": {
        "gui": {
            "rotation": [ 30, 225, 0 ],
            "translation": [ 0, 1, 0 ],
            "scale": [ 0.65, 0.65, 0.65 ]
        },
        "ground": {
            "rotation": [ 0, 0, 0 ],
            "translation": [ 0, 3, 0 ],
            "scale": [ 0.25, 0.25, 0.25 ]
        },
        "fixed": {
            "rotation": [ 0, 0, 0 ],
            "translation": [ 0, 1, 0 ],
            "scale": [ 0.5, 0.5, 0.5 ]
        },
        "thirdperson_righthand": {
            "rotation": [ 25, 45, 0 ],
            "translation": [ 0, 2, 1 ],
            "scale": [ 0.375, 0.375, 0.375 ]
        },
        "firstperson_righthand": {
            "rotation": [ 0, 45, 0 ],
            "translation": [ 0, 2.5, 0 ],
            "scale": [ 0.4, 0.4, 0.4 ]
        }
    },
    "elements": [
        {
            "name": "base",
            "from": [ 6.00, 0.00, 6.00 ], 
            "to": [ 10.00, 7.00, 10.00 ], 
            "faces": {
                "north": { "texture": "#0", "uv": [ 0.00, 0.00, 4.00, 7.00 ] },
                "east": { "texture": "#0", "uv": [ 0.00, 0.00, 4.00, 7.00 ] },
                "south": { "texture": "#0", "uv": [ 0.00, 0.00, 4.00, 7.00 ] },
                "west": { "texture": "#0", "uv": [ 0.00, 0.00, 4.00, 7.00 ] },
                "up": { "texture": "#0", "uv": [ 0.00, 0.00, 4.00, 4.00 ] },
                "down": { "texture": "#0", "uv": [ 0.00, 0.00, 4.00, 4.00 ] }
            }
        },
        {
            "name": "metal_1",
            "from": [ 6.00, 7.00, 6.00 ], 
            "to": [ 10.00, 10.00, 10.00 ], 
            "faces": {
                "north": { "texture": "#1", "uv": [ 1.00, 1.00, 5.00, 4.00 ] },
                "east": { "texture": "#1", "uv": [ 1.00, 1.00, 5.00, 4.00 ] },
                "south": { "texture": "#1", "uv": [ 1.00, 1.00, 5.00, 4.00 ] },
                "west": { "texture": "#1", "uv": [ 1.00, 1.00, 5.00, 4.00 ] },
                "up": { "texture": "#1", "uv": [ 1.00, 1.00, 5.00, 5.00 ] },
                "down": { "texture": "#1", "uv": [ 1.00, 1.00, 5.00, 5.00 ] }
            }
        },
        {
            "name": "metal_2",
            "from": [ 5.50, 10.00, 5.50 ], 
            "to": [ 10.50, 11.00, 10.50 ], 
            "faces": {
                "north": { "texture": "#1", "uv": [ 0.00, 0.00, 5.00, 1.00 ] },
                "east": { "texture": "#1", "uv": [ 0.00, 0.00, 5.00, 1.00 ] },
                "south": { "texture": "#1", "uv": [ 0.00, 0.00, 5.00, 1.00 ] },
                "west": { "texture": "#1", "uv": [ 0.00, 0.00, 5.00, 1.00 ] },
                "up": { "texture": "#1", "uv": [ 5.00, 2.00, 10.00, 7.00 ] },
                "down": { "texture": "#1", "uv": [ 5.00, 2.00, 10.00, 7.00 ] }
            }
        }
    ]
}