{
    "__comment": "Model generated using MrCrayfish's Model Creator (https://mrcrayfish.com/tools?id=mc)",
    "textures": {
        "detail": "minecraft:blocks/concrete_gray",
        "base": "minecraft:blocks/concrete_white"
    },
    "display": {
        "gui": {
            "rotation": [ 30, 225, 0 ],
            "translation": [ -4.8, 2.2, 0 ],
            "scale": [ 0.85, 0.85, 0.85 ]
        },
        "ground": {
            "rotation": [ 0, 0, 0 ],
            "translation": [ 0, 1, 3 ],
            "scale": [ 0.35, 0.35, 0.35 ]
        },
        "fixed": {
            "rotation": [ 0, 90, 0 ],
            "translation": [ 4.75, 0, 0 ],
            "scale": [ 0.625, 0.625, 0.625 ]
        },
        "firstperson_righthand": {
            "rotation": [ 90, 0, 0 ],
            "translation": [ 1, 4.5, 0 ],
            "scale": [ 0.4, 0.4, 0.4 ]
        },
        "thirdperson_righthand": {
            "rotation": [ 90, 0, 0 ],
            "translation": [ 0, -3.5, 0 ],
            "scale": [ 0.375, 0.375, 0.375 ]
        }
    },
    "elements": [
        {
            "from": [ 7, 6, 5 ], 
            "to": [ 9, 7, 8 ], 
            "faces": {
                "north": { "texture": "#detail", "uv": [ 0, 0, 2, 1 ] },
                "east": { "texture": "#detail", "uv": [ 0, 0, 3, 1 ] },
                "south": { "texture": "#detail", "uv": [ 0, 0, 2, 1 ] },
                "west": { "texture": "#detail", "uv": [ 0, 0, 3, 1 ] },
                "up": { "texture": "#detail", "uv": [ 0, 0, 2, 3 ] },
                "down": { "texture": "#detail", "uv": [ 0, 0, 2, 3 ] }
            }
        },
        {
            "from": [ 7, 9, 5 ], 
            "to": [ 9, 10, 8 ], 
            "faces": {
                "north": { "texture": "#detail", "uv": [ 0, 0, 2, 1 ] },
                "east": { "texture": "#detail", "uv": [ 0, 0, 3, 1 ] },
                "south": { "texture": "#detail", "uv": [ 0, 0, 2, 1 ] },
                "west": { "texture": "#detail", "uv": [ 0, 0, 3, 1 ] },
                "up": { "texture": "#detail", "uv": [ 0, 0, 2, 3 ] },
                "down": { "texture": "#detail", "uv": [ 0, 0, 2, 3 ] }
            }
        },
        {
            "from": [ 6, 7, 5 ], 
            "to": [ 7, 9, 8 ], 
            "faces": {
                "north": { "texture": "#detail", "uv": [ 0, 0, 1, 2 ] },
                "east": { "texture": "#detail", "uv": [ 0, 0, 3, 2 ] },
                "south": { "texture": "#detail", "uv": [ 0, 0, 1, 2 ] },
                "west": { "texture": "#detail", "uv": [ 0, 0, 3, 2 ] }
            }
        },
        {
            "from": [ 9, 7, 5 ], 
            "to": [ 10, 9, 8 ], 
            "faces": {
                "north": { "texture": "#detail", "uv": [ 0, 0, 1, 2 ] },
                "east": { "texture": "#detail", "uv": [ 0, 0, 3, 2 ] },
                "south": { "texture": "#detail", "uv": [ 0, 0, 1, 2 ] },
                "west": { "texture": "#detail", "uv": [ 0, 0, 3, 2 ] }
            }
        },
        {
            "from": [ 7, 6.2, -5 ], 
            "to": [ 9, 7, 5 ], 
            "faces": {
                "north": { "texture": "#base", "uv": [ 0, 0, 3.6, 0.8 ], "tintindex": 0 },
                "east": { "texture": "#base", "uv": [ 1, 1, 2, 11 ], "rotation": 90, "tintindex": 0 },
                "south": { "texture": "#base", "uv": [ 0, 0, 3.6, 0.8 ], "tintindex": 0 },
                "west": { "texture": "#base", "uv": [ 1, 1, 2, 11 ], "rotation": 270, "tintindex": 0 },
                "up": { "texture": "#base", "uv": [ 1, 1, 1.6, 7 ], "tintindex": 0 },
                "down": { "texture": "#base", "uv": [ 1, 1, 4.6, 11 ], "rotation": 180, "tintindex": 0 }
            }
        },
        {
            "from": [ 7, 9, -5 ], 
            "to": [ 9, 9.8, 5 ], 
            "faces": {
                "north": { "texture": "#base", "uv": [ 0, 0, 3.6, 0.8 ], "tintindex": 0 },
                "east": { "texture": "#base", "uv": [ 1, 1, 2, 11 ], "rotation": 90, "tintindex": 0 },
                "south": { "texture": "#base", "uv": [ 0, 0, 3.6, 0.8 ], "tintindex": 0 },
                "west": { "texture": "#base", "uv": [ 1, 1, 2, 11 ], "rotation": 270, "tintindex": 0 },
                "up": { "texture": "#base", "uv": [ 1, 1, 4.6, 11 ], "tintindex": 0 },
                "down": { "texture": "#base", "uv": [ 1, 1, 2.6, 7 ], "rotation": 180, "tintindex": 0 }
            }
        },
        {
            "from": [ 6.2, 7, -5 ], 
            "to": [ 7, 9, 5 ], 
            "faces": {
                "east": { "texture": "#base", "uv": [ 1, 1, 2, 7 ], "rotation": 90, "tintindex": 0 },
                "west": { "texture": "#base", "uv": [ 1, 1, 3, 11 ], "rotation": 270, "tintindex": 0 }
            }
        },
        {
            "from": [ 9, 7, -5 ], 
            "to": [ 9.8, 9, 5 ], 
            "faces": {
                "east": { "texture": "#base", "uv": [ 1, 1, 2, 11 ], "rotation": 90, "tintindex": 0 },
                "west": { "texture": "#base", "uv": [ 1, 1, 2, 7 ], "rotation": 270, "tintindex": 0 }
            }
        },
        {
            "from": [ 6, 9, 5 ], 
            "to": [ 7, 10.4, 8 ], 
            "rotation": { "origin": [ 6, 9, 8 ], "axis": "z", "angle": -45.0 },
            "faces": {
                "north": { "texture": "#detail", "uv": [ 0, 0, 1, 1.4 ] },
                "east": { "texture": "#detail", "uv": [ 0, 0, 3, 1.4 ] },
                "south": { "texture": "#detail", "uv": [ 0, 0, 1, 1.4 ] },
                "west": { "texture": "#detail", "uv": [ 0, 0, 3, 1.4 ] },
                "up": { "texture": "#detail", "uv": [ 0, 0, 1, 3 ] }
            }
        },
        {
            "from": [ 9, 9, 5 ], 
            "to": [ 10, 10.4, 8 ], 
            "rotation": { "origin": [ 10, 9, 8 ], "axis": "z", "angle": 45.0 },
            "faces": {
                "north": { "texture": "#detail", "uv": [ 0, 0, 1, 1.4 ] },
                "east": { "texture": "#detail", "uv": [ 0, 0, 3, 1.4 ] },
                "south": { "texture": "#detail", "uv": [ 0, 0, 1, 1.4 ] },
                "west": { "texture": "#detail", "uv": [ 0, 0, 3, 1.4 ] },
                "up": { "texture": "#detail", "uv": [ 0, 0, 1, 3 ] }
            }
        },
        {
            "from": [ 6, 5.6, 5 ], 
            "to": [ 7, 7, 8 ], 
            "rotation": { "origin": [ 6, 7, 8 ], "axis": "z", "angle": 45.0 },
            "faces": {
                "north": { "texture": "#detail", "uv": [ 0, 0, 1, 1.4 ] },
                "east": { "texture": "#detail", "uv": [ 0, 0, 3, 1.4 ] },
                "south": { "texture": "#detail", "uv": [ 0, 0, 1, 1.4 ] },
                "west": { "texture": "#detail", "uv": [ 0, 0, 3, 1.4 ] },
                "down": { "texture": "#detail", "uv": [ 0, 0, 1, 3 ] }
            }
        },
        {
            "from": [ 9, 5.6, 5 ], 
            "to": [ 10, 7, 8 ], 
            "rotation": { "origin": [ 10, 7, 8 ], "axis": "z", "angle": -45.0 },
            "faces": {
                "north": { "texture": "#detail", "uv": [ 0, 0, 1, 1.4 ] },
                "east": { "texture": "#detail", "uv": [ 0, 0, 3, 1.4 ] },
                "south": { "texture": "#detail", "uv": [ 0, 0, 1, 1.4 ] },
                "west": { "texture": "#detail", "uv": [ 0, 0, 3, 1.4 ] },
                "down": { "texture": "#detail", "uv": [ 0, 0, 1, 3 ] }
            }
        },
        {
            "from": [ 6.2, 9, -5 ], 
            "to": [ 7, 10.13, 5 ], 
            "rotation": { "origin": [ 6.2, 9, 2 ], "axis": "z", "angle": -45.0 },
            "faces": {
                "north": { "texture": "#base", "uv": [ 0, 0, 0.8, 2 ], "tintindex": 0 },
                "east": { "texture": "#base", "uv": [ 1, 1, 2, 7 ], "rotation": 90, "tintindex": 0 },
                "south": { "texture": "#base", "uv": [ 0, 0, 0.8, 2 ], "tintindex": 0 },
                "west": { "texture": "#base", "uv": [ 1, 1, 3, 11 ], "rotation": 270, "tintindex": 0 },
                "up": { "texture": "#base", "uv": [ 0, 0, 0.8, 10 ], "tintindex": 0 }
            }
        },
        {
            "from": [ 9, 9, -5 ], 
            "to": [ 9.8, 10.13, 5 ], 
            "rotation": { "origin": [ 9.8, 9, 2 ], "axis": "z", "angle": 45.0 },
            "faces": {
                "north": { "texture": "#base", "uv": [ 0, 0, 0.8, 2 ], "tintindex": 0 },
                "east": { "texture": "#base", "uv": [ 1, 1, 2, 7 ], "rotation": 90, "tintindex": 0 },
                "south": { "texture": "#base", "uv": [ 0, 0, 0.8, 2 ], "tintindex": 0 },
                "west": { "texture": "#base", "uv": [ 1, 1, 3, 11 ], "rotation": 270, "tintindex": 0 },
                "up": { "texture": "#base", "uv": [ 0, 0, 0.8, 10 ], "tintindex": 0 }
            }
        },
        {
            "from": [ 6.2, 5.87, -5 ], 
            "to": [ 7, 7, 5 ], 
            "rotation": { "origin": [ 6.2, 7, 3 ], "axis": "z", "angle": 45.0 },
            "faces": {
                "north": { "texture": "#base", "uv": [ 0, 0, 0.8, 2 ], "tintindex": 0 },
                "east": { "texture": "#base", "uv": [ 1, 1, 2, 7 ], "rotation": 90, "tintindex": 0 },
                "south": { "texture": "#base", "uv": [ 0, 0, 0.8, 2 ], "tintindex": 0 },
                "west": { "texture": "#base", "uv": [ 1, 1, 3, 11 ], "rotation": 270, "tintindex": 0 },
                "down": { "texture": "#base", "uv": [ 0, 0, 0.8, 10 ], "tintindex": 0 }
            }
        },
        {
            "from": [ 9, 5.87, -5 ], 
            "to": [ 9.8, 7, 5 ], 
            "rotation": { "origin": [ 9.8, 7, 3 ], "axis": "z", "angle": -45.0 },
            "faces": {
                "north": { "texture": "#base", "uv": [ 0, 0, 0.8, 2 ], "tintindex": 0 },
                "east": { "texture": "#base", "uv": [ 1, 1, 2, 7 ], "rotation": 90, "tintindex": 0 },
                "south": { "texture": "#base", "uv": [ 0, 0, 0.8, 2 ], "tintindex": 0 },
                "west": { "texture": "#base", "uv": [ 1, 1, 3, 11 ], "rotation": 270, "tintindex": 0 },
                "down": { "texture": "#base", "uv": [ 0, 0, 0.8, 10 ], "tintindex": 0 }
            }
        },
        {
            "from": [ 6, 7, -8 ], 
            "to": [ 7, 9, -5 ], 
            "faces": {
                "north": { "texture": "#detail", "uv": [ 0, 0, 1, 2 ] },
                "east": { "texture": "#detail", "uv": [ 0, 0, 3, 2 ] },
                "south": { "texture": "#detail", "uv": [ 0, 0, 1, 2 ] },
                "west": { "texture": "#detail", "uv": [ 0, 0, 3, 2 ] }
            }
        },
        {
            "from": [ 6, 9, -8 ], 
            "to": [ 7, 10.4, -5 ], 
            "rotation": { "origin": [ 6, 9, 8 ], "axis": "z", "angle": -45.0 },
            "faces": {
                "north": { "texture": "#detail", "uv": [ 0, 0, 1, 1.4 ] },
                "east": { "texture": "#detail", "uv": [ 0, 0, 3, 1.4 ] },
                "south": { "texture": "#detail", "uv": [ 0, 0, 1, 1.4 ] },
                "west": { "texture": "#detail", "uv": [ 0, 0, 3, 1.4 ] },
                "up": { "texture": "#detail", "uv": [ 0, 0, 1, 3 ] }
            }
        },
        {
            "from": [ 7, 9, -8 ], 
            "to": [ 9, 10, -5 ], 
            "faces": {
                "north": { "texture": "#detail", "uv": [ 0, 0, 2, 1 ] },
                "east": { "texture": "#detail", "uv": [ 0, 0, 3, 1 ] },
                "south": { "texture": "#detail", "uv": [ 0, 0, 2, 1 ] },
                "west": { "texture": "#detail", "uv": [ 0, 0, 3, 1 ] },
                "up": { "texture": "#detail", "uv": [ 0, 0, 2, 3 ] },
                "down": { "texture": "#detail", "uv": [ 0, 0, 2, 3 ] }
            }
        },
        {
            "from": [ 9, 9, -8 ], 
            "to": [ 10, 10.4, -5 ], 
            "rotation": { "origin": [ 10, 9, 8 ], "axis": "z", "angle": 45.0 },
            "faces": {
                "north": { "texture": "#detail", "uv": [ 0, 0, 1, 1.4 ] },
                "east": { "texture": "#detail", "uv": [ 0, 0, 3, 1.4 ] },
                "south": { "texture": "#detail", "uv": [ 0, 0, 1, 1.4 ] },
                "west": { "texture": "#detail", "uv": [ 0, 0, 3, 1.4 ] },
                "up": { "texture": "#detail", "uv": [ 0, 0, 1, 3 ] }
            }
        },
        {
            "from": [ 9, 7, -8 ], 
            "to": [ 10, 9, -5 ], 
            "faces": {
                "north": { "texture": "#detail", "uv": [ 0, 0, 1, 2 ] },
                "east": { "texture": "#detail", "uv": [ 0, 0, 3, 2 ] },
                "south": { "texture": "#detail", "uv": [ 0, 0, 1, 2 ] },
                "west": { "texture": "#detail", "uv": [ 0, 0, 3, 2 ] }
            }
        },
        {
            "from": [ 9, 5.6, -8 ], 
            "to": [ 10, 7, -5 ], 
            "rotation": { "origin": [ 10, 7, 8 ], "axis": "z", "angle": -45.0 },
            "faces": {
                "north": { "texture": "#detail", "uv": [ 0, 0, 1, 1.4 ] },
                "east": { "texture": "#detail", "uv": [ 0, 0, 3, 1.4 ] },
                "south": { "texture": "#detail", "uv": [ 0, 0, 1, 1.4 ] },
                "west": { "texture": "#detail", "uv": [ 0, 0, 3, 1.4 ] },
                "down": { "texture": "#detail", "uv": [ 0, 0, 1, 3 ] }
            }
        },
        {
            "from": [ 7, 6, -8 ], 
            "to": [ 9, 7, -5 ], 
            "faces": {
                "north": { "texture": "#detail", "uv": [ 0, 0, 2, 1 ] },
                "east": { "texture": "#detail", "uv": [ 0, 0, 3, 1 ] },
                "south": { "texture": "#detail", "uv": [ 0, 0, 2, 1 ] },
                "west": { "texture": "#detail", "uv": [ 0, 0, 3, 1 ] },
                "up": { "texture": "#detail", "uv": [ 0, 0, 2, 3 ] },
                "down": { "texture": "#detail", "uv": [ 0, 0, 2, 3 ] }
            }
        },
        {
            "from": [ 6, 5.6, -8 ], 
            "to": [ 7, 7, -5 ], 
            "rotation": { "origin": [ 6, 7, 8 ], "axis": "z", "angle": 45.0 },
            "faces": {
                "north": { "texture": "#detail", "uv": [ 0, 0, 1, 1.4 ] },
                "east": { "texture": "#detail", "uv": [ 0, 0, 3, 1.4 ] },
                "south": { "texture": "#detail", "uv": [ 0, 0, 1, 1.4 ] },
                "west": { "texture": "#detail", "uv": [ 0, 0, 3, 1.4 ] },
                "down": { "texture": "#detail", "uv": [ 0, 0, 1, 3 ] }
            }
        }
    ]
}