{
   "shotgun_fire":                 { "subtitle": "subtitle.cgm.fire",           "sounds": [{ "name": "cgm:shotgun_fire" }]},
   "rifle_fire":                   { "subtitle": "subtitle.cgm.fire",           "sounds": [{ "name": "cgm:rifle_fire" }]},
   "pistol_fire":                  { "subtitle": "subtitle.cgm.fire",           "sounds": [{ "name": "cgm:pistol_fire" }]},
   "assault_rifle_fire":           { "subtitle": "subtitle.cgm.fire",           "sounds": [{ "name": "cgm:assault_rifle_fire" }]},
   "grenade_fire":                 { "subtitle": "subtitle.cgm.fire",           "sounds": [{ "name": "cgm:grenade_fire" }]},
   "bazooka_fire":                 { "subtitle": "subtitle.cgm.fire",           "sounds": [{ "name": "cgm:bazooka_fire", "stream": true }]},
   "chain_gun_fire":               { "subtitle": "subtitle.cgm.fire",           "sounds": [{ "name": "cgm:chain_gun_fire" }]},
   "pistol_fire_silenced":         { "subtitle": "subtitle.cgm.fire.silenced",  "sounds": [{ "name": "cgm:pistol_fire_silenced" }]},
   "shotgun_fire_silenced":        { "subtitle": "subtitle.cgm.fire.silenced",  "sounds": [{ "name": "cgm:shotgun_fire_silenced" }]},
   "rifle_fire_silenced":          { "subtitle": "subtitle.cgm.fire.silenced",  "sounds": [{ "name": "cgm:rifle_fire_silenced" }]},
   "pistol_reload":                { "subtitle": "subtitle.cgm.reload",         "sounds": [{ "name": "cgm:pistol_reload" }]},
   "grenade_stun_explosion":       { "subtitle": "subtitle.cgm.stun.explosion", "sounds": [{ "name": "cgm:grenade_stun_explosion" }]},
   "grenade_stun_ring":            { "subtitle": "subtitle.cgm.stun.ring",      "sounds": [{ "name": "cgm:grenade_stun_ring", "stream": true }]},
   "machine_pistol_fire":          { "subtitle": "subtitle.cgm.fire",           "sounds": [{ "name": "cgm:machine_pistol_fire" }]},
   "machine_pistol_fire_silenced": { "subtitle": "subtitle.cgm.fire.silenced",           "sounds": [{ "name": "cgm:machine_pistol_fire_silenced" }]}
}